#! /c/Source/iverilog-install/bin/vvp
:ivl_version "12.0 (devel)" "(s20150603-1539-g2693dd32b)";
:ivl_delay_selection "TYPICAL";
:vpi_time_precision + 0;
:vpi_module "C:\Users\Arnab\scoop\apps\iverilog\current\lib\ivl\system.vpi";
:vpi_module "C:\Users\Arnab\scoop\apps\iverilog\current\lib\ivl\vhdl_sys.vpi";
:vpi_module "C:\Users\Arnab\scoop\apps\iverilog\current\lib\ivl\vhdl_textio.vpi";
:vpi_module "C:\Users\Arnab\scoop\apps\iverilog\current\lib\ivl\v2005_math.vpi";
:vpi_module "C:\Users\Arnab\scoop\apps\iverilog\current\lib\ivl\va_math.vpi";
:vpi_module "C:\Users\Arnab\scoop\apps\iverilog\current\lib\ivl\v2009.vpi";
S_000001f6d0a83fd0 .scope package, "$unit" "$unit" 2 1;
 .timescale 0 0;
S_000001f6d0ace640 .scope package, "pipeline_types" "pipeline_types" 3 1;
 .timescale 0 0;
S_000001f6d0a95010 .scope module, "tb_cpu" "tb_cpu" 4 1;
 .timescale 0 0;
v000001f6d0b72570_0 .var "clk", 0 0;
v000001f6d0b71fd0_0 .var "rst", 0 0;
S_000001f6d0a951a0 .scope module, "dut" "cpu" 4 5, 5 2 0, S_000001f6d0a95010;
 .timescale 0 0;
    .port_info 0 /INPUT 1 "clk";
    .port_info 1 /INPUT 1 "rst";
v000001f6d0b71850_0 .net "PC_out", 31 0, v000001f6d0b622d0_0;  1 drivers
v000001f6d0b72110_0 .net "PC_out_d", 31 0, v000001f6d0b61650_0;  1 drivers
v000001f6d0b71df0_0 .net "PC_plus_4", 31 0, L_000001f6d0a978a0;  1 drivers
v000001f6d0b717b0_0 .net "PC_plus_4_d", 31 0, v000001f6d0b61a10_0;  1 drivers
v000001f6d0b71ad0_0 .net "PCsrc", 0 0, L_000001f6d0b18350;  1 drivers
v000001f6d0b718f0_0 .net "clk", 0 0, v000001f6d0b72570_0;  1 drivers
v000001f6d0b72930_0 .net "decode_out", 223 0, L_000001f6d0bcb060;  1 drivers
v000001f6d0b72e30_0 .net "decode_pr_out", 223 0, v000001f6d0b61f10_0;  1 drivers
v000001f6d0b712b0_0 .net "exe_out", 140 0, L_000001f6d0bcca00;  1 drivers
v000001f6d0b71c10_0 .net "exe_pr_out", 140 0, v000001f6d0b16c60_0;  1 drivers
v000001f6d0b71990_0 .net "instruction_in", 31 0, L_000001f6d0b72d90;  1 drivers
v000001f6d0b71210_0 .net "instruction_in_d", 31 0, v000001f6d0b61fb0_0;  1 drivers
v000001f6d0b71e90_0 .net "mem_out", 135 0, L_000001f6d0bcc3c0;  1 drivers
v000001f6d0b71cb0_0 .net "mem_pr_out", 135 0, v000001f6d0b63160_0;  1 drivers
v000001f6d0b721b0_0 .net "rd1", 31 0, L_000001f6d0a97670;  1 drivers
v000001f6d0b722f0_0 .net "rd2", 31 0, L_000001f6d0a97830;  1 drivers
v000001f6d0b715d0_0 .net "rst", 0 0, v000001f6d0b71fd0_0;  1 drivers
v000001f6d0b71670_0 .net "target_address", 31 0, L_000001f6d0b17fd0;  1 drivers
v000001f6d0b72c50_0 .net "write_address", 4 0, L_000001f6d0bcb920;  1 drivers
v000001f6d0b726b0_0 .net "write_data", 31 0, L_000001f6d0b18270;  1 drivers
v000001f6d0b71a30_0 .net "write_enable", 0 0, L_000001f6d0bcc460;  1 drivers
L_000001f6d0b72070 .part L_000001f6d0bcb060, 118, 5;
L_000001f6d0b72430 .part L_000001f6d0bcb060, 113, 5;
S_000001f6d0a8b280 .scope module, "decoder_inst" "decode_stage" 5 64, 6 1 0, S_000001f6d0a951a0;
 .timescale 0 0;
    .port_info 0 /INPUT 32 "instruction_in";
    .port_info 1 /INPUT 32 "rd1";
    .port_info 2 /INPUT 32 "rd2";
    .port_info 3 /INPUT 32 "PC_out";
    .port_info 4 /INPUT 32 "PC_plus_4";
    .port_info 5 /OUTPUT 224 "decode_out";
L_000001f6d0a97bb0 .functor BUFZ 32, L_000001f6d0a97670, C4<00000000000000000000000000000000>, C4<00000000000000000000000000000000>, C4<00000000000000000000000000000000>;
L_000001f6d0a97de0 .functor BUFZ 32, L_000001f6d0a97830, C4<00000000000000000000000000000000>, C4<00000000000000000000000000000000>, C4<00000000000000000000000000000000>;
L_000001f6d0a27d10 .functor BUFZ 5, v000001f6d0aa4420_0, C4<00000>, C4<00000>, C4<00000>;
L_000001f6d0b187b0 .functor BUFZ 32, v000001f6d0aa4600_0, C4<00000000000000000000000000000000>, C4<00000000000000000000000000000000>, C4<00000000000000000000000000000000>;
L_000001f6d0b18200 .functor BUFZ 5, L_000001f6d0b72b10, C4<00000>, C4<00000>, C4<00000>;
L_000001f6d0b180b0 .functor BUFZ 5, v000001f6d0aa41a0_0, C4<00000>, C4<00000>, C4<00000>;
L_000001f6d0b186d0 .functor BUFZ 1, v000001f6d0aa44c0_0, C4<0>, C4<0>, C4<0>;
L_000001f6d0b182e0 .functor BUFZ 1, v000001f6d0aa3e80_0, C4<0>, C4<0>, C4<0>;
L_000001f6d0b17b00 .functor BUFZ 1, v000001f6d0aa49c0_0, C4<0>, C4<0>, C4<0>;
L_000001f6d0b17a20 .functor BUFZ 1, v000001f6d0ac49a0_0, C4<0>, C4<0>, C4<0>;
L_000001f6d0b18890 .functor BUFZ 1, v000001f6d0ac5620_0, C4<0>, C4<0>, C4<0>;
L_000001f6d0b18120 .functor BUFZ 2, v000001f6d0ac4040_0, C4<00>, C4<00>, C4<00>;
L_000001f6d0b18820 .functor BUFZ 4, v000001f6d0ac3f00_0, C4<0000>, C4<0000>, C4<0000>;
L_000001f6d0b17a90 .functor BUFZ 2, v000001f6d0aa3fc0_0, C4<00>, C4<00>, C4<00>;
L_000001f6d0b179b0 .functor BUFZ 3, L_000001f6d0b71d50, C4<000>, C4<000>, C4<000>;
L_000001f6d0b17da0 .functor BUFZ 1, v000001f6d0ac3e60_0, C4<0>, C4<0>, C4<0>;
L_000001f6d0b17e10 .functor BUFZ 32, v000001f6d0b61650_0, C4<00000000000000000000000000000000>, C4<00000000000000000000000000000000>, C4<00000000000000000000000000000000>;
L_000001f6d0b184a0 .functor BUFZ 32, v000001f6d0b61a10_0, C4<00000000000000000000000000000000>, C4<00000000000000000000000000000000>, C4<00000000000000000000000000000000>;
v000001f6d0aa46a0_0 .net "PC_out", 31 0, v000001f6d0b61650_0;  alias, 1 drivers
v000001f6d0aa4880_0 .net "PC_plus_4", 31 0, v000001f6d0b61a10_0;  alias, 1 drivers
v000001f6d0aa4240_0 .net *"_ivl_11", 4 0, L_000001f6d0a27d10;  1 drivers
v000001f6d0aa4560_0 .net *"_ivl_15", 31 0, L_000001f6d0b187b0;  1 drivers
v000001f6d0aa4920_0 .net *"_ivl_19", 4 0, L_000001f6d0b18200;  1 drivers
v000001f6d0aa4740_0 .net *"_ivl_23", 4 0, L_000001f6d0b180b0;  1 drivers
v000001f6d0aa4b00_0 .net *"_ivl_27", 0 0, L_000001f6d0b186d0;  1 drivers
v000001f6d0b17520_0 .net *"_ivl_3", 31 0, L_000001f6d0a97bb0;  1 drivers
v000001f6d0b16620_0 .net *"_ivl_31", 0 0, L_000001f6d0b182e0;  1 drivers
v000001f6d0b17200_0 .net *"_ivl_35", 0 0, L_000001f6d0b17b00;  1 drivers
v000001f6d0b16e40_0 .net *"_ivl_39", 0 0, L_000001f6d0b17a20;  1 drivers
v000001f6d0b15fe0_0 .net *"_ivl_43", 0 0, L_000001f6d0b18890;  1 drivers
v000001f6d0b17660_0 .net *"_ivl_47", 1 0, L_000001f6d0b18120;  1 drivers
v000001f6d0b170c0_0 .net *"_ivl_51", 3 0, L_000001f6d0b18820;  1 drivers
v000001f6d0b161c0_0 .net *"_ivl_55", 1 0, L_000001f6d0b17a90;  1 drivers
v000001f6d0b16580_0 .net *"_ivl_59", 2 0, L_000001f6d0b179b0;  1 drivers
v000001f6d0b17480_0 .net *"_ivl_63", 0 0, L_000001f6d0b17da0;  1 drivers
v000001f6d0b166c0_0 .net *"_ivl_67", 31 0, L_000001f6d0b17e10;  1 drivers
v000001f6d0b15c20_0 .net *"_ivl_7", 31 0, L_000001f6d0a97de0;  1 drivers
v000001f6d0b16080_0 .net *"_ivl_71", 31 0, L_000001f6d0b184a0;  1 drivers
o000001f6d0b277c8 .functor BUFZ 32, C4<zzzzzzzzzzzzzzzzzzzzzzzzzzzzzzzz>; HiZ drive
; Elide local net with no drivers, v000001f6d0b173e0_0 name=_ivl_74
v000001f6d0b172a0_0 .net "alu_control", 3 0, v000001f6d0ac3f00_0;  1 drivers
v000001f6d0b16760_0 .net "alu_result_src", 0 0, v000001f6d0ac3e60_0;  1 drivers
v000001f6d0b17840_0 .net "alu_src", 1 0, v000001f6d0ac4040_0;  1 drivers
v000001f6d0b177a0_0 .net "branch", 0 0, v000001f6d0ac5620_0;  1 drivers
v000001f6d0b16a80_0 .net "decode_out", 223 0, L_000001f6d0bcb060;  alias, 1 drivers
v000001f6d0b16b20_0 .net "fnct3", 2 0, L_000001f6d0b71d50;  1 drivers
v000001f6d0b159a0_0 .net "fnct7", 6 0, v000001f6d0aa47e0_0;  1 drivers
v000001f6d0b16260_0 .net "imm", 31 0, v000001f6d0aa4600_0;  1 drivers
v000001f6d0b15e00_0 .net "instruction_in", 31 0, v000001f6d0b61fb0_0;  alias, 1 drivers
v000001f6d0b175c0_0 .net "jump", 0 0, v000001f6d0ac49a0_0;  1 drivers
v000001f6d0b16300_0 .net "mem_read", 0 0, v000001f6d0aa49c0_0;  1 drivers
v000001f6d0b163a0_0 .net "mem_write", 0 0, v000001f6d0aa3e80_0;  1 drivers
v000001f6d0b17700_0 .net "op_code", 6 0, L_000001f6d0b729d0;  1 drivers
v000001f6d0b16ee0_0 .net "rd", 4 0, v000001f6d0aa4420_0;  1 drivers
v000001f6d0b16800_0 .net "rd1", 31 0, L_000001f6d0a97670;  alias, 1 drivers
v000001f6d0b16440_0 .net "rd2", 31 0, L_000001f6d0a97830;  alias, 1 drivers
v000001f6d0b15cc0_0 .net "reg_write", 0 0, v000001f6d0aa44c0_0;  1 drivers
v000001f6d0b16940_0 .net "result_src", 1 0, v000001f6d0aa3fc0_0;  1 drivers
v000001f6d0b168a0_0 .net "rs1", 4 0, L_000001f6d0b72b10;  1 drivers
v000001f6d0b16bc0_0 .net "rs2", 4 0, v000001f6d0aa41a0_0;  1 drivers
LS_000001f6d0bcb060_0_0 .concat [ 32 32 32 1], o000001f6d0b277c8, L_000001f6d0b184a0, L_000001f6d0b17e10, L_000001f6d0b17da0;
LS_000001f6d0bcb060_0_4 .concat [ 3 2 4 2], L_000001f6d0b179b0, L_000001f6d0b17a90, L_000001f6d0b18820, L_000001f6d0b18120;
LS_000001f6d0bcb060_0_8 .concat [ 1 1 1 1], L_000001f6d0b18890, L_000001f6d0b17a20, L_000001f6d0b17b00, L_000001f6d0b182e0;
LS_000001f6d0bcb060_0_12 .concat [ 1 5 5 32], L_000001f6d0b186d0, L_000001f6d0b180b0, L_000001f6d0b18200, L_000001f6d0b187b0;
LS_000001f6d0bcb060_0_16 .concat [ 5 32 32 0], L_000001f6d0a27d10, L_000001f6d0a97de0, L_000001f6d0a97bb0;
LS_000001f6d0bcb060_1_0 .concat [ 97 11 4 43], LS_000001f6d0bcb060_0_0, LS_000001f6d0bcb060_0_4, LS_000001f6d0bcb060_0_8, LS_000001f6d0bcb060_0_12;
LS_000001f6d0bcb060_1_4 .concat [ 69 0 0 0], LS_000001f6d0bcb060_0_16;
L_000001f6d0bcb060 .concat [ 155 69 0 0], LS_000001f6d0bcb060_1_0, LS_000001f6d0bcb060_1_4;
S_000001f6d0a8b410 .scope module, "control1" "control_unit" 6 57, 7 1 0, S_000001f6d0a8b280;
 .timescale 0 0;
    .port_info 0 /INPUT 3 "fnct3";
    .port_info 1 /INPUT 7 "fnct7";
    .port_info 2 /INPUT 7 "op_code";
    .port_info 3 /OUTPUT 1 "reg_write";
    .port_info 4 /OUTPUT 1 "mem_write";
    .port_info 5 /OUTPUT 1 "mem_read";
    .port_info 6 /OUTPUT 1 "jump";
    .port_info 7 /OUTPUT 2 "alu_src";
    .port_info 8 /OUTPUT 1 "branch";
    .port_info 9 /OUTPUT 4 "alu_control";
    .port_info 10 /OUTPUT 2 "result_src";
    .port_info 11 /OUTPUT 1 "alu_result_src";
v000001f6d0ac3f00_0 .var "alu_control", 3 0;
v000001f6d0ac3e60_0 .var "alu_result_src", 0 0;
v000001f6d0ac4040_0 .var "alu_src", 1 0;
v000001f6d0ac5620_0 .var "branch", 0 0;
v000001f6d0ac42c0_0 .net "fnct3", 2 0, L_000001f6d0b71d50;  alias, 1 drivers
v000001f6d0ac4ae0_0 .net "fnct7", 6 0, v000001f6d0aa47e0_0;  alias, 1 drivers
v000001f6d0ac49a0_0 .var "jump", 0 0;
v000001f6d0aa49c0_0 .var "mem_read", 0 0;
v000001f6d0aa3e80_0 .var "mem_write", 0 0;
v000001f6d0aa3f20_0 .net "op_code", 6 0, L_000001f6d0b729d0;  alias, 1 drivers
v000001f6d0aa44c0_0 .var "reg_write", 0 0;
v000001f6d0aa3fc0_0 .var "result_src", 1 0;
E_000001f6d0ab4f10 .event anyedge, v000001f6d0aa3f20_0, v000001f6d0ac42c0_0, v000001f6d0ac4ae0_0;
S_000001f6d0a83840 .scope module, "id_inst" "instruction_decoder" 6 47, 8 10 0, S_000001f6d0a8b280;
 .timescale 0 0;
    .port_info 0 /INPUT 32 "instruction_in";
    .port_info 1 /OUTPUT 7 "op_code";
    .port_info 2 /OUTPUT 3 "fnct3";
    .port_info 3 /OUTPUT 7 "fnct7";
    .port_info 4 /OUTPUT 5 "rs1";
    .port_info 5 /OUTPUT 5 "rs2";
    .port_info 6 /OUTPUT 5 "rd";
    .port_info 7 /OUTPUT 32 "imm";
v000001f6d0aa4100_0 .net "fnct3", 2 0, L_000001f6d0b71d50;  alias, 1 drivers
v000001f6d0aa47e0_0 .var "fnct7", 6 0;
v000001f6d0aa4600_0 .var "imm", 31 0;
v000001f6d0aa4380_0 .net "instruction_in", 31 0, v000001f6d0b61fb0_0;  alias, 1 drivers
v000001f6d0aa4060_0 .net "op_code", 6 0, L_000001f6d0b729d0;  alias, 1 drivers
v000001f6d0aa4420_0 .var "rd", 4 0;
v000001f6d0aa4a60_0 .net "rs1", 4 0, L_000001f6d0b72b10;  alias, 1 drivers
v000001f6d0aa41a0_0 .var "rs2", 4 0;
E_000001f6d0ab55d0/0 .event anyedge, v000001f6d0aa3f20_0, v000001f6d0aa4380_0, v000001f6d0aa4380_0, v000001f6d0aa4380_0;
E_000001f6d0ab55d0/1 .event anyedge, v000001f6d0aa4380_0, v000001f6d0aa4600_0, v000001f6d0aa4380_0, v000001f6d0aa4380_0;
E_000001f6d0ab55d0/2 .event anyedge, v000001f6d0aa4380_0, v000001f6d0aa4380_0, v000001f6d0aa4600_0, v000001f6d0aa4380_0;
E_000001f6d0ab55d0/3 .event anyedge, v000001f6d0aa4380_0, v000001f6d0aa4380_0, v000001f6d0aa4380_0, v000001f6d0aa4600_0;
E_000001f6d0ab55d0 .event/or E_000001f6d0ab55d0/0, E_000001f6d0ab55d0/1, E_000001f6d0ab55d0/2, E_000001f6d0ab55d0/3;
L_000001f6d0b729d0 .part v000001f6d0b61fb0_0, 0, 7;
L_000001f6d0b71d50 .part v000001f6d0b61fb0_0, 12, 3;
L_000001f6d0b72b10 .part v000001f6d0b61fb0_0, 15, 5;
S_000001f6d0a46a20 .scope module, "exe_mem_pr_inst" "exe_mem_pr" 5 84, 9 1 0, S_000001f6d0a951a0;
 .timescale 0 0;
    .port_info 0 /INPUT 1 "clk";
    .port_info 1 /INPUT 1 "rst";
    .port_info 2 /INPUT 141 "exe_pr_in";
    .port_info 3 /OUTPUT 141 "exe_pr_out";
v000001f6d0b164e0_0 .net "clk", 0 0, v000001f6d0b72570_0;  alias, 1 drivers
v000001f6d0b169e0_0 .net "exe_pr_in", 140 0, L_000001f6d0bcca00;  alias, 1 drivers
v000001f6d0b16c60_0 .var "exe_pr_out", 140 0;
v000001f6d0b16120_0 .net "rst", 0 0, v000001f6d0b71fd0_0;  alias, 1 drivers
E_000001f6d0ab5ad0 .event posedge, v000001f6d0b164e0_0;
S_000001f6d0a46bb0 .scope module, "execute_stage_inst" "execute_stage" 5 78, 10 1 0, S_000001f6d0a951a0;
 .timescale 0 0;
    .port_info 0 /INPUT 224 "exe_in";
    .port_info 1 /OUTPUT 141 "exe_out";
    .port_info 2 /OUTPUT 1 "PCsrc";
    .port_info 3 /OUTPUT 32 "target_address";
L_000001f6d0b17b70 .functor AND 1, L_000001f6d0bcb4c0, v000001f6d0b62b90_0, C4<1>, C4<1>;
L_000001f6d0b18350 .functor OR 1, L_000001f6d0bccd20, L_000001f6d0b17b70, C4<0>, C4<0>;
L_000001f6d0b17fd0 .functor BUFZ 32, L_000001f6d0b713f0, C4<00000000000000000000000000000000>, C4<00000000000000000000000000000000>, C4<00000000000000000000000000000000>;
v000001f6d0b16d00_0 .net "PC_out", 31 0, L_000001f6d0b710d0;  1 drivers
v000001f6d0b16da0_0 .net "PCsrc", 0 0, L_000001f6d0b18350;  alias, 1 drivers
v000001f6d0b16f80_0 .net *"_ivl_17", 0 0, L_000001f6d0bccd20;  1 drivers
v000001f6d0b15a40_0 .net *"_ivl_19", 0 0, L_000001f6d0bcb4c0;  1 drivers
v000001f6d0b17020_0 .net *"_ivl_20", 0 0, L_000001f6d0b17b70;  1 drivers
v000001f6d0b17160_0 .net *"_ivl_29", 31 0, L_000001f6d0bcafc0;  1 drivers
v000001f6d0b17340_0 .net *"_ivl_33", 0 0, L_000001f6d0bccbe0;  1 drivers
v000001f6d0b15ae0_0 .net *"_ivl_37", 0 0, L_000001f6d0bcb9c0;  1 drivers
v000001f6d0b15b80_0 .net *"_ivl_41", 0 0, L_000001f6d0bcc960;  1 drivers
v000001f6d0b15d60_0 .net *"_ivl_45", 1 0, L_000001f6d0bcb100;  1 drivers
v000001f6d0b15f40_0 .net *"_ivl_49", 4 0, L_000001f6d0bcbec0;  1 drivers
v000001f6d0b15ea0_0 .net *"_ivl_53", 2 0, L_000001f6d0bcb420;  1 drivers
v000001f6d0b62190_0 .net *"_ivl_57", 31 0, L_000001f6d0bcb7e0;  1 drivers
v000001f6d0b610b0_0 .net *"_ivl_61", 31 0, L_000001f6d0bcc780;  1 drivers
v000001f6d0b61010_0 .net *"_ivl_66", 31 0, L_000001f6d0bcce60;  1 drivers
v000001f6d0b613d0_0 .net *"_ivl_7", 31 0, L_000001f6d0b71170;  1 drivers
v000001f6d0b61150_0 .net "alu_operand_A", 31 0, L_000001f6d0b72bb0;  1 drivers
v000001f6d0b62370_0 .var "alu_operand_B", 31 0;
v000001f6d0b62410_0 .var "alu_result", 31 0;
v000001f6d0b616f0_0 .var "alu_result_mainALU", 31 0;
v000001f6d0b62910_0 .net "alu_result_sideALU", 31 0, L_000001f6d0b713f0;  1 drivers
v000001f6d0b62550_0 .net "alu_result_src", 0 0, L_000001f6d0b71f30;  1 drivers
v000001f6d0b62b90_0 .var "branch_taken", 0 0;
v000001f6d0b625f0_0 .net "exe_in", 223 0, L_000001f6d0bcb060;  alias, 1 drivers
v000001f6d0b61290_0 .net "exe_out", 140 0, L_000001f6d0bcca00;  alias, 1 drivers
v000001f6d0b61bf0_0 .net "less_than_flag", 0 0, L_000001f6d0b71530;  1 drivers
v000001f6d0b61330_0 .net "less_than_u", 0 0, L_000001f6d0b71710;  1 drivers
v000001f6d0b62230_0 .net "target_address", 31 0, L_000001f6d0b17fd0;  alias, 1 drivers
v000001f6d0b62c30_0 .net "zero_flag", 0 0, L_000001f6d0b71490;  1 drivers
E_000001f6d0ab5b10 .event anyedge, v000001f6d0b16a80_0, v000001f6d0b62c30_0, v000001f6d0b61bf0_0, v000001f6d0b61330_0;
E_000001f6d0ab5410 .event anyedge, v000001f6d0b62550_0, v000001f6d0b616f0_0, v000001f6d0b62910_0;
E_000001f6d0ab5150 .event anyedge, v000001f6d0b16a80_0, v000001f6d0b61150_0, v000001f6d0b62370_0, v000001f6d0b62370_0;
E_000001f6d0ab4b50 .event anyedge, v000001f6d0b16a80_0, v000001f6d0b16a80_0, v000001f6d0b16a80_0;
L_000001f6d0b72bb0 .part L_000001f6d0bcb060, 192, 32;
L_000001f6d0b71f30 .part L_000001f6d0bcb060, 96, 1;
L_000001f6d0b710d0 .part L_000001f6d0bcb060, 64, 32;
L_000001f6d0b71170 .part L_000001f6d0bcb060, 123, 32;
L_000001f6d0b713f0 .arith/sum 32, L_000001f6d0b710d0, L_000001f6d0b71170;
L_000001f6d0b71490 .cmp/eq 32, L_000001f6d0b72bb0, v000001f6d0b62370_0;
L_000001f6d0b71530 .cmp/gt.s 32, v000001f6d0b62370_0, L_000001f6d0b72bb0;
L_000001f6d0b71710 .cmp/gt 32, v000001f6d0b62370_0, L_000001f6d0b72bb0;
L_000001f6d0bccd20 .part L_000001f6d0bcb060, 109, 1;
L_000001f6d0bcb4c0 .part L_000001f6d0bcb060, 108, 1;
L_000001f6d0bcafc0 .part L_000001f6d0bcb060, 0, 32;
L_000001f6d0bccbe0 .part L_000001f6d0bcb060, 112, 1;
L_000001f6d0bcb9c0 .part L_000001f6d0bcb060, 110, 1;
L_000001f6d0bcc960 .part L_000001f6d0bcb060, 111, 1;
L_000001f6d0bcb100 .part L_000001f6d0bcb060, 100, 2;
L_000001f6d0bcbec0 .part L_000001f6d0bcb060, 155, 5;
L_000001f6d0bcb420 .part L_000001f6d0bcb060, 97, 3;
L_000001f6d0bcb7e0 .part L_000001f6d0bcb060, 160, 32;
L_000001f6d0bcc780 .part L_000001f6d0bcb060, 123, 32;
LS_000001f6d0bcca00_0_0 .concat8 [ 32 32 32 3], L_000001f6d0bcce60, L_000001f6d0bcc780, L_000001f6d0bcb7e0, L_000001f6d0bcb420;
LS_000001f6d0bcca00_0_4 .concat8 [ 5 2 1 1], L_000001f6d0bcbec0, L_000001f6d0bcb100, L_000001f6d0bcb9c0, L_000001f6d0bcc960;
LS_000001f6d0bcca00_0_8 .concat8 [ 1 32 0 0], L_000001f6d0bccbe0, L_000001f6d0bcafc0;
L_000001f6d0bcca00 .concat8 [ 99 9 33 0], LS_000001f6d0bcca00_0_0, LS_000001f6d0bcca00_0_4, LS_000001f6d0bcca00_0_8;
L_000001f6d0bcce60 .part L_000001f6d0bcb060, 32, 32;
S_000001f6d0a56e10 .scope module, "fetch_stage_inst" "fetch_stage" 5 44, 11 1 0, S_000001f6d0a951a0;
 .timescale 0 0;
    .port_info 0 /INPUT 1 "clk";
    .port_info 1 /INPUT 1 "rst";
    .port_info 2 /INPUT 1 "PCsrc";
    .port_info 3 /INPUT 32 "target_address";
    .port_info 4 /OUTPUT 32 "PC_out";
    .port_info 5 /OUTPUT 32 "PC_plus_4";
    .port_info 6 /OUTPUT 32 "instruction_in";
L_000001f6d0a978a0 .functor BUFZ 32, L_000001f6d0b72890, C4<00000000000000000000000000000000>, C4<00000000000000000000000000000000>, C4<00000000000000000000000000000000>;
v000001f6d0b60e30_0 .var "PC_next", 31 0;
v000001f6d0b622d0_0 .var "PC_out", 31 0;
v000001f6d0b62730_0 .net "PC_plus_4", 31 0, L_000001f6d0a978a0;  alias, 1 drivers
v000001f6d0b61ab0_0 .net "PC_plus_4_wire", 31 0, L_000001f6d0b72890;  1 drivers
v000001f6d0b627d0_0 .var "PC_reg", 31 0;
v000001f6d0b61470_0 .net "PCsrc", 0 0, L_000001f6d0b18350;  alias, 1 drivers
v000001f6d0b60d90_0 .net *"_ivl_0", 7 0, L_000001f6d0b72250;  1 drivers
v000001f6d0b618d0_0 .net *"_ivl_10", 31 0, L_000001f6d0b72750;  1 drivers
v000001f6d0b61510_0 .net *"_ivl_12", 7 0, L_000001f6d0b72a70;  1 drivers
L_000001f6d0b73078 .functor BUFT 1, C4<00000000000000000000000000000001>, C4<0>, C4<0>, C4<0>;
v000001f6d0b62af0_0 .net/2u *"_ivl_14", 31 0, L_000001f6d0b73078;  1 drivers
v000001f6d0b62050_0 .net *"_ivl_16", 31 0, L_000001f6d0b71350;  1 drivers
v000001f6d0b60ed0_0 .net *"_ivl_18", 7 0, L_000001f6d0b727f0;  1 drivers
L_000001f6d0b72fe8 .functor BUFT 1, C4<00000000000000000000000000000011>, C4<0>, C4<0>, C4<0>;
v000001f6d0b61c90_0 .net/2u *"_ivl_2", 31 0, L_000001f6d0b72fe8;  1 drivers
L_000001f6d0b730c0 .functor BUFT 1, C4<00000000000000000000000000000100>, C4<0>, C4<0>, C4<0>;
v000001f6d0b61970_0 .net/2u *"_ivl_22", 31 0, L_000001f6d0b730c0;  1 drivers
v000001f6d0b61b50_0 .net *"_ivl_4", 31 0, L_000001f6d0b72390;  1 drivers
v000001f6d0b61830_0 .net *"_ivl_6", 7 0, L_000001f6d0b724d0;  1 drivers
L_000001f6d0b73030 .functor BUFT 1, C4<00000000000000000000000000000010>, C4<0>, C4<0>, C4<0>;
v000001f6d0b61e70_0 .net/2u *"_ivl_8", 31 0, L_000001f6d0b73030;  1 drivers
v000001f6d0b629b0_0 .net "clk", 0 0, v000001f6d0b72570_0;  alias, 1 drivers
v000001f6d0b62870 .array "inst_mem", 1023 0, 7 0;
v000001f6d0b624b0_0 .net "instruction_in", 31 0, L_000001f6d0b72d90;  alias, 1 drivers
v000001f6d0b62690_0 .net "rst", 0 0, v000001f6d0b71fd0_0;  alias, 1 drivers
v000001f6d0b620f0_0 .net "target_address", 31 0, L_000001f6d0b17fd0;  alias, 1 drivers
E_000001f6d0ab5e50 .event anyedge, v000001f6d0b16da0_0, v000001f6d0b61ab0_0, v000001f6d0b62230_0;
L_000001f6d0b72250 .array/port v000001f6d0b62870, L_000001f6d0b72390;
L_000001f6d0b72390 .arith/sum 32, v000001f6d0b622d0_0, L_000001f6d0b72fe8;
L_000001f6d0b724d0 .array/port v000001f6d0b62870, L_000001f6d0b72750;
L_000001f6d0b72750 .arith/sum 32, v000001f6d0b622d0_0, L_000001f6d0b73030;
L_000001f6d0b72a70 .array/port v000001f6d0b62870, L_000001f6d0b71350;
L_000001f6d0b71350 .arith/sum 32, v000001f6d0b622d0_0, L_000001f6d0b73078;
L_000001f6d0b727f0 .array/port v000001f6d0b62870, v000001f6d0b622d0_0;
L_000001f6d0b72d90 .concat [ 8 8 8 8], L_000001f6d0b727f0, L_000001f6d0b72a70, L_000001f6d0b724d0, L_000001f6d0b72250;
L_000001f6d0b72890 .arith/sum 32, v000001f6d0b622d0_0, L_000001f6d0b730c0;
S_000001f6d0a56fa0 .scope module, "id_exe_pr_inst" "id_exe_pr" 5 72, 12 1 0, S_000001f6d0a951a0;
 .timescale 0 0;
    .port_info 0 /INPUT 1 "clk";
    .port_info 1 /INPUT 1 "rst";
    .port_info 2 /INPUT 224 "decode_pr_in";
    .port_info 3 /OUTPUT 224 "decode_pr_out";
v000001f6d0b62a50_0 .net "clk", 0 0, v000001f6d0b72570_0;  alias, 1 drivers
v000001f6d0b60f70_0 .net "decode_pr_in", 223 0, L_000001f6d0bcb060;  alias, 1 drivers
v000001f6d0b61f10_0 .var "decode_pr_out", 223 0;
v000001f6d0b615b0_0 .net "rst", 0 0, v000001f6d0b71fd0_0;  alias, 1 drivers
S_000001f6d0a66540 .scope module, "if_id_pr_inst" "if_id_pr" 5 53, 13 1 0, S_000001f6d0a951a0;
 .timescale 0 0;
    .port_info 0 /INPUT 1 "clk";
    .port_info 1 /INPUT 1 "rst";
    .port_info 2 /INPUT 32 "PC_out";
    .port_info 3 /INPUT 32 "PC_plus_4";
    .port_info 4 /INPUT 32 "instruction_in";
    .port_info 5 /OUTPUT 32 "PC_out_d";
    .port_info 6 /OUTPUT 32 "PC_plus_4_d";
    .port_info 7 /OUTPUT 32 "instruction_in_d";
v000001f6d0b611f0_0 .net "PC_out", 31 0, v000001f6d0b622d0_0;  alias, 1 drivers
v000001f6d0b61650_0 .var "PC_out_d", 31 0;
v000001f6d0b61790_0 .net "PC_plus_4", 31 0, L_000001f6d0a978a0;  alias, 1 drivers
v000001f6d0b61a10_0 .var "PC_plus_4_d", 31 0;
v000001f6d0b61d30_0 .net "clk", 0 0, v000001f6d0b72570_0;  alias, 1 drivers
v000001f6d0b61dd0_0 .net "instruction_in", 31 0, L_000001f6d0b72d90;  alias, 1 drivers
v000001f6d0b61fb0_0 .var "instruction_in_d", 31 0;
v000001f6d0b63700_0 .net "rst", 0 0, v000001f6d0b71fd0_0;  alias, 1 drivers
S_000001f6d0b64d60 .scope module, "mem_wb_pr_inst" "mem_wb_pr" 5 95, 14 1 0, S_000001f6d0a951a0;
 .timescale 0 0;
    .port_info 0 /INPUT 1 "clk";
    .port_info 1 /INPUT 1 "rst";
    .port_info 2 /INPUT 136 "mem_pr_in";
    .port_info 3 /OUTPUT 136 "mem_pr_out";
v000001f6d0b63980_0 .net "clk", 0 0, v000001f6d0b72570_0;  alias, 1 drivers
v000001f6d0b63a20_0 .net "mem_pr_in", 135 0, L_000001f6d0bcc3c0;  alias, 1 drivers
v000001f6d0b63160_0 .var "mem_pr_out", 135 0;
v000001f6d0b63e80_0 .net "rst", 0 0, v000001f6d0b71fd0_0;  alias, 1 drivers
S_000001f6d0a666d0 .scope module, "memory_stage_inst" "memory_stage" 5 90, 15 1 0, S_000001f6d0a951a0;
 .timescale 0 0;
    .port_info 0 /INPUT 1 "clk";
    .port_info 1 /INPUT 141 "mem_in";
    .port_info 2 /OUTPUT 136 "mem_out";
L_000001f6d0b18040 .functor BUFZ 32, L_000001f6d0bccdc0, C4<00000000000000000000000000000000>, C4<00000000000000000000000000000000>, C4<00000000000000000000000000000000>;
v000001f6d0b64740_0 .net *"_ivl_13", 0 0, L_000001f6d0bcbd80;  1 drivers
v000001f6d0b632a0_0 .net *"_ivl_17", 31 0, v000001f6d0b63de0_0;  1 drivers
v000001f6d0b64420_0 .net *"_ivl_21", 31 0, L_000001f6d0b18040;  1 drivers
v000001f6d0b63340_0 .net *"_ivl_25", 1 0, L_000001f6d0bcb240;  1 drivers
v000001f6d0b63fc0_0 .net *"_ivl_29", 4 0, L_000001f6d0bcb2e0;  1 drivers
v000001f6d0b63f20_0 .net *"_ivl_33", 31 0, L_000001f6d0bcc280;  1 drivers
v000001f6d0b64b00_0 .net *"_ivl_38", 31 0, L_000001f6d0bcbba0;  1 drivers
v000001f6d0b63ac0_0 .net "alu_result", 31 0, L_000001f6d0bccdc0;  1 drivers
v000001f6d0b637a0_0 .net "clk", 0 0, v000001f6d0b72570_0;  alias, 1 drivers
v000001f6d0b63200_0 .net "fnct3", 2 0, L_000001f6d0bccc80;  1 drivers
v000001f6d0b63480_0 .net "mem_in", 140 0, v000001f6d0b16c60_0;  alias, 1 drivers
v000001f6d0b63840_0 .net "mem_out", 135 0, L_000001f6d0bcc3c0;  alias, 1 drivers
v000001f6d0b62f80 .array "mem_ram", 1023 0, 7 0;
v000001f6d0b649c0_0 .net "mem_read", 0 0, L_000001f6d0bcba60;  1 drivers
v000001f6d0b64060_0 .net "mem_write", 0 0, L_000001f6d0bcb560;  1 drivers
v000001f6d0b63de0_0 .var "ram_out", 31 0;
v000001f6d0b62ee0_0 .net "store_data", 31 0, L_000001f6d0bcc1e0;  1 drivers
E_000001f6d0ab6090/0 .event anyedge, v000001f6d0b649c0_0, v000001f6d0b64060_0, v000001f6d0b63200_0, v000001f6d0b63ac0_0;
v000001f6d0b62f80_0 .array/port v000001f6d0b62f80, 0;
v000001f6d0b62f80_1 .array/port v000001f6d0b62f80, 1;
v000001f6d0b62f80_2 .array/port v000001f6d0b62f80, 2;
v000001f6d0b62f80_3 .array/port v000001f6d0b62f80, 3;
E_000001f6d0ab6090/1 .event anyedge, v000001f6d0b62f80_0, v000001f6d0b62f80_1, v000001f6d0b62f80_2, v000001f6d0b62f80_3;
v000001f6d0b62f80_4 .array/port v000001f6d0b62f80, 4;
v000001f6d0b62f80_5 .array/port v000001f6d0b62f80, 5;
v000001f6d0b62f80_6 .array/port v000001f6d0b62f80, 6;
v000001f6d0b62f80_7 .array/port v000001f6d0b62f80, 7;
E_000001f6d0ab6090/2 .event anyedge, v000001f6d0b62f80_4, v000001f6d0b62f80_5, v000001f6d0b62f80_6, v000001f6d0b62f80_7;
v000001f6d0b62f80_8 .array/port v000001f6d0b62f80, 8;
v000001f6d0b62f80_9 .array/port v000001f6d0b62f80, 9;
v000001f6d0b62f80_10 .array/port v000001f6d0b62f80, 10;
v000001f6d0b62f80_11 .array/port v000001f6d0b62f80, 11;
E_000001f6d0ab6090/3 .event anyedge, v000001f6d0b62f80_8, v000001f6d0b62f80_9, v000001f6d0b62f80_10, v000001f6d0b62f80_11;
v000001f6d0b62f80_12 .array/port v000001f6d0b62f80, 12;
v000001f6d0b62f80_13 .array/port v000001f6d0b62f80, 13;
v000001f6d0b62f80_14 .array/port v000001f6d0b62f80, 14;
v000001f6d0b62f80_15 .array/port v000001f6d0b62f80, 15;
E_000001f6d0ab6090/4 .event anyedge, v000001f6d0b62f80_12, v000001f6d0b62f80_13, v000001f6d0b62f80_14, v000001f6d0b62f80_15;
v000001f6d0b62f80_16 .array/port v000001f6d0b62f80, 16;
v000001f6d0b62f80_17 .array/port v000001f6d0b62f80, 17;
v000001f6d0b62f80_18 .array/port v000001f6d0b62f80, 18;
v000001f6d0b62f80_19 .array/port v000001f6d0b62f80, 19;
E_000001f6d0ab6090/5 .event anyedge, v000001f6d0b62f80_16, v000001f6d0b62f80_17, v000001f6d0b62f80_18, v000001f6d0b62f80_19;
v000001f6d0b62f80_20 .array/port v000001f6d0b62f80, 20;
v000001f6d0b62f80_21 .array/port v000001f6d0b62f80, 21;
v000001f6d0b62f80_22 .array/port v000001f6d0b62f80, 22;
v000001f6d0b62f80_23 .array/port v000001f6d0b62f80, 23;
E_000001f6d0ab6090/6 .event anyedge, v000001f6d0b62f80_20, v000001f6d0b62f80_21, v000001f6d0b62f80_22, v000001f6d0b62f80_23;
v000001f6d0b62f80_24 .array/port v000001f6d0b62f80, 24;
v000001f6d0b62f80_25 .array/port v000001f6d0b62f80, 25;
v000001f6d0b62f80_26 .array/port v000001f6d0b62f80, 26;
v000001f6d0b62f80_27 .array/port v000001f6d0b62f80, 27;
E_000001f6d0ab6090/7 .event anyedge, v000001f6d0b62f80_24, v000001f6d0b62f80_25, v000001f6d0b62f80_26, v000001f6d0b62f80_27;
v000001f6d0b62f80_28 .array/port v000001f6d0b62f80, 28;
v000001f6d0b62f80_29 .array/port v000001f6d0b62f80, 29;
v000001f6d0b62f80_30 .array/port v000001f6d0b62f80, 30;
v000001f6d0b62f80_31 .array/port v000001f6d0b62f80, 31;
E_000001f6d0ab6090/8 .event anyedge, v000001f6d0b62f80_28, v000001f6d0b62f80_29, v000001f6d0b62f80_30, v000001f6d0b62f80_31;
v000001f6d0b62f80_32 .array/port v000001f6d0b62f80, 32;
v000001f6d0b62f80_33 .array/port v000001f6d0b62f80, 33;
v000001f6d0b62f80_34 .array/port v000001f6d0b62f80, 34;
v000001f6d0b62f80_35 .array/port v000001f6d0b62f80, 35;
E_000001f6d0ab6090/9 .event anyedge, v000001f6d0b62f80_32, v000001f6d0b62f80_33, v000001f6d0b62f80_34, v000001f6d0b62f80_35;
v000001f6d0b62f80_36 .array/port v000001f6d0b62f80, 36;
v000001f6d0b62f80_37 .array/port v000001f6d0b62f80, 37;
v000001f6d0b62f80_38 .array/port v000001f6d0b62f80, 38;
v000001f6d0b62f80_39 .array/port v000001f6d0b62f80, 39;
E_000001f6d0ab6090/10 .event anyedge, v000001f6d0b62f80_36, v000001f6d0b62f80_37, v000001f6d0b62f80_38, v000001f6d0b62f80_39;
v000001f6d0b62f80_40 .array/port v000001f6d0b62f80, 40;
v000001f6d0b62f80_41 .array/port v000001f6d0b62f80, 41;
v000001f6d0b62f80_42 .array/port v000001f6d0b62f80, 42;
v000001f6d0b62f80_43 .array/port v000001f6d0b62f80, 43;
E_000001f6d0ab6090/11 .event anyedge, v000001f6d0b62f80_40, v000001f6d0b62f80_41, v000001f6d0b62f80_42, v000001f6d0b62f80_43;
v000001f6d0b62f80_44 .array/port v000001f6d0b62f80, 44;
v000001f6d0b62f80_45 .array/port v000001f6d0b62f80, 45;
v000001f6d0b62f80_46 .array/port v000001f6d0b62f80, 46;
v000001f6d0b62f80_47 .array/port v000001f6d0b62f80, 47;
E_000001f6d0ab6090/12 .event anyedge, v000001f6d0b62f80_44, v000001f6d0b62f80_45, v000001f6d0b62f80_46, v000001f6d0b62f80_47;
v000001f6d0b62f80_48 .array/port v000001f6d0b62f80, 48;
v000001f6d0b62f80_49 .array/port v000001f6d0b62f80, 49;
v000001f6d0b62f80_50 .array/port v000001f6d0b62f80, 50;
v000001f6d0b62f80_51 .array/port v000001f6d0b62f80, 51;
E_000001f6d0ab6090/13 .event anyedge, v000001f6d0b62f80_48, v000001f6d0b62f80_49, v000001f6d0b62f80_50, v000001f6d0b62f80_51;
v000001f6d0b62f80_52 .array/port v000001f6d0b62f80, 52;
v000001f6d0b62f80_53 .array/port v000001f6d0b62f80, 53;
v000001f6d0b62f80_54 .array/port v000001f6d0b62f80, 54;
v000001f6d0b62f80_55 .array/port v000001f6d0b62f80, 55;
E_000001f6d0ab6090/14 .event anyedge, v000001f6d0b62f80_52, v000001f6d0b62f80_53, v000001f6d0b62f80_54, v000001f6d0b62f80_55;
v000001f6d0b62f80_56 .array/port v000001f6d0b62f80, 56;
v000001f6d0b62f80_57 .array/port v000001f6d0b62f80, 57;
v000001f6d0b62f80_58 .array/port v000001f6d0b62f80, 58;
v000001f6d0b62f80_59 .array/port v000001f6d0b62f80, 59;
E_000001f6d0ab6090/15 .event anyedge, v000001f6d0b62f80_56, v000001f6d0b62f80_57, v000001f6d0b62f80_58, v000001f6d0b62f80_59;
v000001f6d0b62f80_60 .array/port v000001f6d0b62f80, 60;
v000001f6d0b62f80_61 .array/port v000001f6d0b62f80, 61;
v000001f6d0b62f80_62 .array/port v000001f6d0b62f80, 62;
v000001f6d0b62f80_63 .array/port v000001f6d0b62f80, 63;
E_000001f6d0ab6090/16 .event anyedge, v000001f6d0b62f80_60, v000001f6d0b62f80_61, v000001f6d0b62f80_62, v000001f6d0b62f80_63;
v000001f6d0b62f80_64 .array/port v000001f6d0b62f80, 64;
v000001f6d0b62f80_65 .array/port v000001f6d0b62f80, 65;
v000001f6d0b62f80_66 .array/port v000001f6d0b62f80, 66;
v000001f6d0b62f80_67 .array/port v000001f6d0b62f80, 67;
E_000001f6d0ab6090/17 .event anyedge, v000001f6d0b62f80_64, v000001f6d0b62f80_65, v000001f6d0b62f80_66, v000001f6d0b62f80_67;
v000001f6d0b62f80_68 .array/port v000001f6d0b62f80, 68;
v000001f6d0b62f80_69 .array/port v000001f6d0b62f80, 69;
v000001f6d0b62f80_70 .array/port v000001f6d0b62f80, 70;
v000001f6d0b62f80_71 .array/port v000001f6d0b62f80, 71;
E_000001f6d0ab6090/18 .event anyedge, v000001f6d0b62f80_68, v000001f6d0b62f80_69, v000001f6d0b62f80_70, v000001f6d0b62f80_71;
v000001f6d0b62f80_72 .array/port v000001f6d0b62f80, 72;
v000001f6d0b62f80_73 .array/port v000001f6d0b62f80, 73;
v000001f6d0b62f80_74 .array/port v000001f6d0b62f80, 74;
v000001f6d0b62f80_75 .array/port v000001f6d0b62f80, 75;
E_000001f6d0ab6090/19 .event anyedge, v000001f6d0b62f80_72, v000001f6d0b62f80_73, v000001f6d0b62f80_74, v000001f6d0b62f80_75;
v000001f6d0b62f80_76 .array/port v000001f6d0b62f80, 76;
v000001f6d0b62f80_77 .array/port v000001f6d0b62f80, 77;
v000001f6d0b62f80_78 .array/port v000001f6d0b62f80, 78;
v000001f6d0b62f80_79 .array/port v000001f6d0b62f80, 79;
E_000001f6d0ab6090/20 .event anyedge, v000001f6d0b62f80_76, v000001f6d0b62f80_77, v000001f6d0b62f80_78, v000001f6d0b62f80_79;
v000001f6d0b62f80_80 .array/port v000001f6d0b62f80, 80;
v000001f6d0b62f80_81 .array/port v000001f6d0b62f80, 81;
v000001f6d0b62f80_82 .array/port v000001f6d0b62f80, 82;
v000001f6d0b62f80_83 .array/port v000001f6d0b62f80, 83;
E_000001f6d0ab6090/21 .event anyedge, v000001f6d0b62f80_80, v000001f6d0b62f80_81, v000001f6d0b62f80_82, v000001f6d0b62f80_83;
v000001f6d0b62f80_84 .array/port v000001f6d0b62f80, 84;
v000001f6d0b62f80_85 .array/port v000001f6d0b62f80, 85;
v000001f6d0b62f80_86 .array/port v000001f6d0b62f80, 86;
v000001f6d0b62f80_87 .array/port v000001f6d0b62f80, 87;
E_000001f6d0ab6090/22 .event anyedge, v000001f6d0b62f80_84, v000001f6d0b62f80_85, v000001f6d0b62f80_86, v000001f6d0b62f80_87;
v000001f6d0b62f80_88 .array/port v000001f6d0b62f80, 88;
v000001f6d0b62f80_89 .array/port v000001f6d0b62f80, 89;
v000001f6d0b62f80_90 .array/port v000001f6d0b62f80, 90;
v000001f6d0b62f80_91 .array/port v000001f6d0b62f80, 91;
E_000001f6d0ab6090/23 .event anyedge, v000001f6d0b62f80_88, v000001f6d0b62f80_89, v000001f6d0b62f80_90, v000001f6d0b62f80_91;
v000001f6d0b62f80_92 .array/port v000001f6d0b62f80, 92;
v000001f6d0b62f80_93 .array/port v000001f6d0b62f80, 93;
v000001f6d0b62f80_94 .array/port v000001f6d0b62f80, 94;
v000001f6d0b62f80_95 .array/port v000001f6d0b62f80, 95;
E_000001f6d0ab6090/24 .event anyedge, v000001f6d0b62f80_92, v000001f6d0b62f80_93, v000001f6d0b62f80_94, v000001f6d0b62f80_95;
v000001f6d0b62f80_96 .array/port v000001f6d0b62f80, 96;
v000001f6d0b62f80_97 .array/port v000001f6d0b62f80, 97;
v000001f6d0b62f80_98 .array/port v000001f6d0b62f80, 98;
v000001f6d0b62f80_99 .array/port v000001f6d0b62f80, 99;
E_000001f6d0ab6090/25 .event anyedge, v000001f6d0b62f80_96, v000001f6d0b62f80_97, v000001f6d0b62f80_98, v000001f6d0b62f80_99;
v000001f6d0b62f80_100 .array/port v000001f6d0b62f80, 100;
v000001f6d0b62f80_101 .array/port v000001f6d0b62f80, 101;
v000001f6d0b62f80_102 .array/port v000001f6d0b62f80, 102;
v000001f6d0b62f80_103 .array/port v000001f6d0b62f80, 103;
E_000001f6d0ab6090/26 .event anyedge, v000001f6d0b62f80_100, v000001f6d0b62f80_101, v000001f6d0b62f80_102, v000001f6d0b62f80_103;
v000001f6d0b62f80_104 .array/port v000001f6d0b62f80, 104;
v000001f6d0b62f80_105 .array/port v000001f6d0b62f80, 105;
v000001f6d0b62f80_106 .array/port v000001f6d0b62f80, 106;
v000001f6d0b62f80_107 .array/port v000001f6d0b62f80, 107;
E_000001f6d0ab6090/27 .event anyedge, v000001f6d0b62f80_104, v000001f6d0b62f80_105, v000001f6d0b62f80_106, v000001f6d0b62f80_107;
v000001f6d0b62f80_108 .array/port v000001f6d0b62f80, 108;
v000001f6d0b62f80_109 .array/port v000001f6d0b62f80, 109;
v000001f6d0b62f80_110 .array/port v000001f6d0b62f80, 110;
v000001f6d0b62f80_111 .array/port v000001f6d0b62f80, 111;
E_000001f6d0ab6090/28 .event anyedge, v000001f6d0b62f80_108, v000001f6d0b62f80_109, v000001f6d0b62f80_110, v000001f6d0b62f80_111;
v000001f6d0b62f80_112 .array/port v000001f6d0b62f80, 112;
v000001f6d0b62f80_113 .array/port v000001f6d0b62f80, 113;
v000001f6d0b62f80_114 .array/port v000001f6d0b62f80, 114;
v000001f6d0b62f80_115 .array/port v000001f6d0b62f80, 115;
E_000001f6d0ab6090/29 .event anyedge, v000001f6d0b62f80_112, v000001f6d0b62f80_113, v000001f6d0b62f80_114, v000001f6d0b62f80_115;
v000001f6d0b62f80_116 .array/port v000001f6d0b62f80, 116;
v000001f6d0b62f80_117 .array/port v000001f6d0b62f80, 117;
v000001f6d0b62f80_118 .array/port v000001f6d0b62f80, 118;
v000001f6d0b62f80_119 .array/port v000001f6d0b62f80, 119;
E_000001f6d0ab6090/30 .event anyedge, v000001f6d0b62f80_116, v000001f6d0b62f80_117, v000001f6d0b62f80_118, v000001f6d0b62f80_119;
v000001f6d0b62f80_120 .array/port v000001f6d0b62f80, 120;
v000001f6d0b62f80_121 .array/port v000001f6d0b62f80, 121;
v000001f6d0b62f80_122 .array/port v000001f6d0b62f80, 122;
v000001f6d0b62f80_123 .array/port v000001f6d0b62f80, 123;
E_000001f6d0ab6090/31 .event anyedge, v000001f6d0b62f80_120, v000001f6d0b62f80_121, v000001f6d0b62f80_122, v000001f6d0b62f80_123;
v000001f6d0b62f80_124 .array/port v000001f6d0b62f80, 124;
v000001f6d0b62f80_125 .array/port v000001f6d0b62f80, 125;
v000001f6d0b62f80_126 .array/port v000001f6d0b62f80, 126;
v000001f6d0b62f80_127 .array/port v000001f6d0b62f80, 127;
E_000001f6d0ab6090/32 .event anyedge, v000001f6d0b62f80_124, v000001f6d0b62f80_125, v000001f6d0b62f80_126, v000001f6d0b62f80_127;
v000001f6d0b62f80_128 .array/port v000001f6d0b62f80, 128;
v000001f6d0b62f80_129 .array/port v000001f6d0b62f80, 129;
v000001f6d0b62f80_130 .array/port v000001f6d0b62f80, 130;
v000001f6d0b62f80_131 .array/port v000001f6d0b62f80, 131;
E_000001f6d0ab6090/33 .event anyedge, v000001f6d0b62f80_128, v000001f6d0b62f80_129, v000001f6d0b62f80_130, v000001f6d0b62f80_131;
v000001f6d0b62f80_132 .array/port v000001f6d0b62f80, 132;
v000001f6d0b62f80_133 .array/port v000001f6d0b62f80, 133;
v000001f6d0b62f80_134 .array/port v000001f6d0b62f80, 134;
v000001f6d0b62f80_135 .array/port v000001f6d0b62f80, 135;
E_000001f6d0ab6090/34 .event anyedge, v000001f6d0b62f80_132, v000001f6d0b62f80_133, v000001f6d0b62f80_134, v000001f6d0b62f80_135;
v000001f6d0b62f80_136 .array/port v000001f6d0b62f80, 136;
v000001f6d0b62f80_137 .array/port v000001f6d0b62f80, 137;
v000001f6d0b62f80_138 .array/port v000001f6d0b62f80, 138;
v000001f6d0b62f80_139 .array/port v000001f6d0b62f80, 139;
E_000001f6d0ab6090/35 .event anyedge, v000001f6d0b62f80_136, v000001f6d0b62f80_137, v000001f6d0b62f80_138, v000001f6d0b62f80_139;
v000001f6d0b62f80_140 .array/port v000001f6d0b62f80, 140;
v000001f6d0b62f80_141 .array/port v000001f6d0b62f80, 141;
v000001f6d0b62f80_142 .array/port v000001f6d0b62f80, 142;
v000001f6d0b62f80_143 .array/port v000001f6d0b62f80, 143;
E_000001f6d0ab6090/36 .event anyedge, v000001f6d0b62f80_140, v000001f6d0b62f80_141, v000001f6d0b62f80_142, v000001f6d0b62f80_143;
v000001f6d0b62f80_144 .array/port v000001f6d0b62f80, 144;
v000001f6d0b62f80_145 .array/port v000001f6d0b62f80, 145;
v000001f6d0b62f80_146 .array/port v000001f6d0b62f80, 146;
v000001f6d0b62f80_147 .array/port v000001f6d0b62f80, 147;
E_000001f6d0ab6090/37 .event anyedge, v000001f6d0b62f80_144, v000001f6d0b62f80_145, v000001f6d0b62f80_146, v000001f6d0b62f80_147;
v000001f6d0b62f80_148 .array/port v000001f6d0b62f80, 148;
v000001f6d0b62f80_149 .array/port v000001f6d0b62f80, 149;
v000001f6d0b62f80_150 .array/port v000001f6d0b62f80, 150;
v000001f6d0b62f80_151 .array/port v000001f6d0b62f80, 151;
E_000001f6d0ab6090/38 .event anyedge, v000001f6d0b62f80_148, v000001f6d0b62f80_149, v000001f6d0b62f80_150, v000001f6d0b62f80_151;
v000001f6d0b62f80_152 .array/port v000001f6d0b62f80, 152;
v000001f6d0b62f80_153 .array/port v000001f6d0b62f80, 153;
v000001f6d0b62f80_154 .array/port v000001f6d0b62f80, 154;
v000001f6d0b62f80_155 .array/port v000001f6d0b62f80, 155;
E_000001f6d0ab6090/39 .event anyedge, v000001f6d0b62f80_152, v000001f6d0b62f80_153, v000001f6d0b62f80_154, v000001f6d0b62f80_155;
v000001f6d0b62f80_156 .array/port v000001f6d0b62f80, 156;
v000001f6d0b62f80_157 .array/port v000001f6d0b62f80, 157;
v000001f6d0b62f80_158 .array/port v000001f6d0b62f80, 158;
v000001f6d0b62f80_159 .array/port v000001f6d0b62f80, 159;
E_000001f6d0ab6090/40 .event anyedge, v000001f6d0b62f80_156, v000001f6d0b62f80_157, v000001f6d0b62f80_158, v000001f6d0b62f80_159;
v000001f6d0b62f80_160 .array/port v000001f6d0b62f80, 160;
v000001f6d0b62f80_161 .array/port v000001f6d0b62f80, 161;
v000001f6d0b62f80_162 .array/port v000001f6d0b62f80, 162;
v000001f6d0b62f80_163 .array/port v000001f6d0b62f80, 163;
E_000001f6d0ab6090/41 .event anyedge, v000001f6d0b62f80_160, v000001f6d0b62f80_161, v000001f6d0b62f80_162, v000001f6d0b62f80_163;
v000001f6d0b62f80_164 .array/port v000001f6d0b62f80, 164;
v000001f6d0b62f80_165 .array/port v000001f6d0b62f80, 165;
v000001f6d0b62f80_166 .array/port v000001f6d0b62f80, 166;
v000001f6d0b62f80_167 .array/port v000001f6d0b62f80, 167;
E_000001f6d0ab6090/42 .event anyedge, v000001f6d0b62f80_164, v000001f6d0b62f80_165, v000001f6d0b62f80_166, v000001f6d0b62f80_167;
v000001f6d0b62f80_168 .array/port v000001f6d0b62f80, 168;
v000001f6d0b62f80_169 .array/port v000001f6d0b62f80, 169;
v000001f6d0b62f80_170 .array/port v000001f6d0b62f80, 170;
v000001f6d0b62f80_171 .array/port v000001f6d0b62f80, 171;
E_000001f6d0ab6090/43 .event anyedge, v000001f6d0b62f80_168, v000001f6d0b62f80_169, v000001f6d0b62f80_170, v000001f6d0b62f80_171;
v000001f6d0b62f80_172 .array/port v000001f6d0b62f80, 172;
v000001f6d0b62f80_173 .array/port v000001f6d0b62f80, 173;
v000001f6d0b62f80_174 .array/port v000001f6d0b62f80, 174;
v000001f6d0b62f80_175 .array/port v000001f6d0b62f80, 175;
E_000001f6d0ab6090/44 .event anyedge, v000001f6d0b62f80_172, v000001f6d0b62f80_173, v000001f6d0b62f80_174, v000001f6d0b62f80_175;
v000001f6d0b62f80_176 .array/port v000001f6d0b62f80, 176;
v000001f6d0b62f80_177 .array/port v000001f6d0b62f80, 177;
v000001f6d0b62f80_178 .array/port v000001f6d0b62f80, 178;
v000001f6d0b62f80_179 .array/port v000001f6d0b62f80, 179;
E_000001f6d0ab6090/45 .event anyedge, v000001f6d0b62f80_176, v000001f6d0b62f80_177, v000001f6d0b62f80_178, v000001f6d0b62f80_179;
v000001f6d0b62f80_180 .array/port v000001f6d0b62f80, 180;
v000001f6d0b62f80_181 .array/port v000001f6d0b62f80, 181;
v000001f6d0b62f80_182 .array/port v000001f6d0b62f80, 182;
v000001f6d0b62f80_183 .array/port v000001f6d0b62f80, 183;
E_000001f6d0ab6090/46 .event anyedge, v000001f6d0b62f80_180, v000001f6d0b62f80_181, v000001f6d0b62f80_182, v000001f6d0b62f80_183;
v000001f6d0b62f80_184 .array/port v000001f6d0b62f80, 184;
v000001f6d0b62f80_185 .array/port v000001f6d0b62f80, 185;
v000001f6d0b62f80_186 .array/port v000001f6d0b62f80, 186;
v000001f6d0b62f80_187 .array/port v000001f6d0b62f80, 187;
E_000001f6d0ab6090/47 .event anyedge, v000001f6d0b62f80_184, v000001f6d0b62f80_185, v000001f6d0b62f80_186, v000001f6d0b62f80_187;
v000001f6d0b62f80_188 .array/port v000001f6d0b62f80, 188;
v000001f6d0b62f80_189 .array/port v000001f6d0b62f80, 189;
v000001f6d0b62f80_190 .array/port v000001f6d0b62f80, 190;
v000001f6d0b62f80_191 .array/port v000001f6d0b62f80, 191;
E_000001f6d0ab6090/48 .event anyedge, v000001f6d0b62f80_188, v000001f6d0b62f80_189, v000001f6d0b62f80_190, v000001f6d0b62f80_191;
v000001f6d0b62f80_192 .array/port v000001f6d0b62f80, 192;
v000001f6d0b62f80_193 .array/port v000001f6d0b62f80, 193;
v000001f6d0b62f80_194 .array/port v000001f6d0b62f80, 194;
v000001f6d0b62f80_195 .array/port v000001f6d0b62f80, 195;
E_000001f6d0ab6090/49 .event anyedge, v000001f6d0b62f80_192, v000001f6d0b62f80_193, v000001f6d0b62f80_194, v000001f6d0b62f80_195;
v000001f6d0b62f80_196 .array/port v000001f6d0b62f80, 196;
v000001f6d0b62f80_197 .array/port v000001f6d0b62f80, 197;
v000001f6d0b62f80_198 .array/port v000001f6d0b62f80, 198;
v000001f6d0b62f80_199 .array/port v000001f6d0b62f80, 199;
E_000001f6d0ab6090/50 .event anyedge, v000001f6d0b62f80_196, v000001f6d0b62f80_197, v000001f6d0b62f80_198, v000001f6d0b62f80_199;
v000001f6d0b62f80_200 .array/port v000001f6d0b62f80, 200;
v000001f6d0b62f80_201 .array/port v000001f6d0b62f80, 201;
v000001f6d0b62f80_202 .array/port v000001f6d0b62f80, 202;
v000001f6d0b62f80_203 .array/port v000001f6d0b62f80, 203;
E_000001f6d0ab6090/51 .event anyedge, v000001f6d0b62f80_200, v000001f6d0b62f80_201, v000001f6d0b62f80_202, v000001f6d0b62f80_203;
v000001f6d0b62f80_204 .array/port v000001f6d0b62f80, 204;
v000001f6d0b62f80_205 .array/port v000001f6d0b62f80, 205;
v000001f6d0b62f80_206 .array/port v000001f6d0b62f80, 206;
v000001f6d0b62f80_207 .array/port v000001f6d0b62f80, 207;
E_000001f6d0ab6090/52 .event anyedge, v000001f6d0b62f80_204, v000001f6d0b62f80_205, v000001f6d0b62f80_206, v000001f6d0b62f80_207;
v000001f6d0b62f80_208 .array/port v000001f6d0b62f80, 208;
v000001f6d0b62f80_209 .array/port v000001f6d0b62f80, 209;
v000001f6d0b62f80_210 .array/port v000001f6d0b62f80, 210;
v000001f6d0b62f80_211 .array/port v000001f6d0b62f80, 211;
E_000001f6d0ab6090/53 .event anyedge, v000001f6d0b62f80_208, v000001f6d0b62f80_209, v000001f6d0b62f80_210, v000001f6d0b62f80_211;
v000001f6d0b62f80_212 .array/port v000001f6d0b62f80, 212;
v000001f6d0b62f80_213 .array/port v000001f6d0b62f80, 213;
v000001f6d0b62f80_214 .array/port v000001f6d0b62f80, 214;
v000001f6d0b62f80_215 .array/port v000001f6d0b62f80, 215;
E_000001f6d0ab6090/54 .event anyedge, v000001f6d0b62f80_212, v000001f6d0b62f80_213, v000001f6d0b62f80_214, v000001f6d0b62f80_215;
v000001f6d0b62f80_216 .array/port v000001f6d0b62f80, 216;
v000001f6d0b62f80_217 .array/port v000001f6d0b62f80, 217;
v000001f6d0b62f80_218 .array/port v000001f6d0b62f80, 218;
v000001f6d0b62f80_219 .array/port v000001f6d0b62f80, 219;
E_000001f6d0ab6090/55 .event anyedge, v000001f6d0b62f80_216, v000001f6d0b62f80_217, v000001f6d0b62f80_218, v000001f6d0b62f80_219;
v000001f6d0b62f80_220 .array/port v000001f6d0b62f80, 220;
v000001f6d0b62f80_221 .array/port v000001f6d0b62f80, 221;
v000001f6d0b62f80_222 .array/port v000001f6d0b62f80, 222;
v000001f6d0b62f80_223 .array/port v000001f6d0b62f80, 223;
E_000001f6d0ab6090/56 .event anyedge, v000001f6d0b62f80_220, v000001f6d0b62f80_221, v000001f6d0b62f80_222, v000001f6d0b62f80_223;
v000001f6d0b62f80_224 .array/port v000001f6d0b62f80, 224;
v000001f6d0b62f80_225 .array/port v000001f6d0b62f80, 225;
v000001f6d0b62f80_226 .array/port v000001f6d0b62f80, 226;
v000001f6d0b62f80_227 .array/port v000001f6d0b62f80, 227;
E_000001f6d0ab6090/57 .event anyedge, v000001f6d0b62f80_224, v000001f6d0b62f80_225, v000001f6d0b62f80_226, v000001f6d0b62f80_227;
v000001f6d0b62f80_228 .array/port v000001f6d0b62f80, 228;
v000001f6d0b62f80_229 .array/port v000001f6d0b62f80, 229;
v000001f6d0b62f80_230 .array/port v000001f6d0b62f80, 230;
v000001f6d0b62f80_231 .array/port v000001f6d0b62f80, 231;
E_000001f6d0ab6090/58 .event anyedge, v000001f6d0b62f80_228, v000001f6d0b62f80_229, v000001f6d0b62f80_230, v000001f6d0b62f80_231;
v000001f6d0b62f80_232 .array/port v000001f6d0b62f80, 232;
v000001f6d0b62f80_233 .array/port v000001f6d0b62f80, 233;
v000001f6d0b62f80_234 .array/port v000001f6d0b62f80, 234;
v000001f6d0b62f80_235 .array/port v000001f6d0b62f80, 235;
E_000001f6d0ab6090/59 .event anyedge, v000001f6d0b62f80_232, v000001f6d0b62f80_233, v000001f6d0b62f80_234, v000001f6d0b62f80_235;
v000001f6d0b62f80_236 .array/port v000001f6d0b62f80, 236;
v000001f6d0b62f80_237 .array/port v000001f6d0b62f80, 237;
v000001f6d0b62f80_238 .array/port v000001f6d0b62f80, 238;
v000001f6d0b62f80_239 .array/port v000001f6d0b62f80, 239;
E_000001f6d0ab6090/60 .event anyedge, v000001f6d0b62f80_236, v000001f6d0b62f80_237, v000001f6d0b62f80_238, v000001f6d0b62f80_239;
v000001f6d0b62f80_240 .array/port v000001f6d0b62f80, 240;
v000001f6d0b62f80_241 .array/port v000001f6d0b62f80, 241;
v000001f6d0b62f80_242 .array/port v000001f6d0b62f80, 242;
v000001f6d0b62f80_243 .array/port v000001f6d0b62f80, 243;
E_000001f6d0ab6090/61 .event anyedge, v000001f6d0b62f80_240, v000001f6d0b62f80_241, v000001f6d0b62f80_242, v000001f6d0b62f80_243;
v000001f6d0b62f80_244 .array/port v000001f6d0b62f80, 244;
v000001f6d0b62f80_245 .array/port v000001f6d0b62f80, 245;
v000001f6d0b62f80_246 .array/port v000001f6d0b62f80, 246;
v000001f6d0b62f80_247 .array/port v000001f6d0b62f80, 247;
E_000001f6d0ab6090/62 .event anyedge, v000001f6d0b62f80_244, v000001f6d0b62f80_245, v000001f6d0b62f80_246, v000001f6d0b62f80_247;
v000001f6d0b62f80_248 .array/port v000001f6d0b62f80, 248;
v000001f6d0b62f80_249 .array/port v000001f6d0b62f80, 249;
v000001f6d0b62f80_250 .array/port v000001f6d0b62f80, 250;
v000001f6d0b62f80_251 .array/port v000001f6d0b62f80, 251;
E_000001f6d0ab6090/63 .event anyedge, v000001f6d0b62f80_248, v000001f6d0b62f80_249, v000001f6d0b62f80_250, v000001f6d0b62f80_251;
v000001f6d0b62f80_252 .array/port v000001f6d0b62f80, 252;
v000001f6d0b62f80_253 .array/port v000001f6d0b62f80, 253;
v000001f6d0b62f80_254 .array/port v000001f6d0b62f80, 254;
v000001f6d0b62f80_255 .array/port v000001f6d0b62f80, 255;
E_000001f6d0ab6090/64 .event anyedge, v000001f6d0b62f80_252, v000001f6d0b62f80_253, v000001f6d0b62f80_254, v000001f6d0b62f80_255;
v000001f6d0b62f80_256 .array/port v000001f6d0b62f80, 256;
v000001f6d0b62f80_257 .array/port v000001f6d0b62f80, 257;
v000001f6d0b62f80_258 .array/port v000001f6d0b62f80, 258;
v000001f6d0b62f80_259 .array/port v000001f6d0b62f80, 259;
E_000001f6d0ab6090/65 .event anyedge, v000001f6d0b62f80_256, v000001f6d0b62f80_257, v000001f6d0b62f80_258, v000001f6d0b62f80_259;
v000001f6d0b62f80_260 .array/port v000001f6d0b62f80, 260;
v000001f6d0b62f80_261 .array/port v000001f6d0b62f80, 261;
v000001f6d0b62f80_262 .array/port v000001f6d0b62f80, 262;
v000001f6d0b62f80_263 .array/port v000001f6d0b62f80, 263;
E_000001f6d0ab6090/66 .event anyedge, v000001f6d0b62f80_260, v000001f6d0b62f80_261, v000001f6d0b62f80_262, v000001f6d0b62f80_263;
v000001f6d0b62f80_264 .array/port v000001f6d0b62f80, 264;
v000001f6d0b62f80_265 .array/port v000001f6d0b62f80, 265;
v000001f6d0b62f80_266 .array/port v000001f6d0b62f80, 266;
v000001f6d0b62f80_267 .array/port v000001f6d0b62f80, 267;
E_000001f6d0ab6090/67 .event anyedge, v000001f6d0b62f80_264, v000001f6d0b62f80_265, v000001f6d0b62f80_266, v000001f6d0b62f80_267;
v000001f6d0b62f80_268 .array/port v000001f6d0b62f80, 268;
v000001f6d0b62f80_269 .array/port v000001f6d0b62f80, 269;
v000001f6d0b62f80_270 .array/port v000001f6d0b62f80, 270;
v000001f6d0b62f80_271 .array/port v000001f6d0b62f80, 271;
E_000001f6d0ab6090/68 .event anyedge, v000001f6d0b62f80_268, v000001f6d0b62f80_269, v000001f6d0b62f80_270, v000001f6d0b62f80_271;
v000001f6d0b62f80_272 .array/port v000001f6d0b62f80, 272;
v000001f6d0b62f80_273 .array/port v000001f6d0b62f80, 273;
v000001f6d0b62f80_274 .array/port v000001f6d0b62f80, 274;
v000001f6d0b62f80_275 .array/port v000001f6d0b62f80, 275;
E_000001f6d0ab6090/69 .event anyedge, v000001f6d0b62f80_272, v000001f6d0b62f80_273, v000001f6d0b62f80_274, v000001f6d0b62f80_275;
v000001f6d0b62f80_276 .array/port v000001f6d0b62f80, 276;
v000001f6d0b62f80_277 .array/port v000001f6d0b62f80, 277;
v000001f6d0b62f80_278 .array/port v000001f6d0b62f80, 278;
v000001f6d0b62f80_279 .array/port v000001f6d0b62f80, 279;
E_000001f6d0ab6090/70 .event anyedge, v000001f6d0b62f80_276, v000001f6d0b62f80_277, v000001f6d0b62f80_278, v000001f6d0b62f80_279;
v000001f6d0b62f80_280 .array/port v000001f6d0b62f80, 280;
v000001f6d0b62f80_281 .array/port v000001f6d0b62f80, 281;
v000001f6d0b62f80_282 .array/port v000001f6d0b62f80, 282;
v000001f6d0b62f80_283 .array/port v000001f6d0b62f80, 283;
E_000001f6d0ab6090/71 .event anyedge, v000001f6d0b62f80_280, v000001f6d0b62f80_281, v000001f6d0b62f80_282, v000001f6d0b62f80_283;
v000001f6d0b62f80_284 .array/port v000001f6d0b62f80, 284;
v000001f6d0b62f80_285 .array/port v000001f6d0b62f80, 285;
v000001f6d0b62f80_286 .array/port v000001f6d0b62f80, 286;
v000001f6d0b62f80_287 .array/port v000001f6d0b62f80, 287;
E_000001f6d0ab6090/72 .event anyedge, v000001f6d0b62f80_284, v000001f6d0b62f80_285, v000001f6d0b62f80_286, v000001f6d0b62f80_287;
v000001f6d0b62f80_288 .array/port v000001f6d0b62f80, 288;
v000001f6d0b62f80_289 .array/port v000001f6d0b62f80, 289;
v000001f6d0b62f80_290 .array/port v000001f6d0b62f80, 290;
v000001f6d0b62f80_291 .array/port v000001f6d0b62f80, 291;
E_000001f6d0ab6090/73 .event anyedge, v000001f6d0b62f80_288, v000001f6d0b62f80_289, v000001f6d0b62f80_290, v000001f6d0b62f80_291;
v000001f6d0b62f80_292 .array/port v000001f6d0b62f80, 292;
v000001f6d0b62f80_293 .array/port v000001f6d0b62f80, 293;
v000001f6d0b62f80_294 .array/port v000001f6d0b62f80, 294;
v000001f6d0b62f80_295 .array/port v000001f6d0b62f80, 295;
E_000001f6d0ab6090/74 .event anyedge, v000001f6d0b62f80_292, v000001f6d0b62f80_293, v000001f6d0b62f80_294, v000001f6d0b62f80_295;
v000001f6d0b62f80_296 .array/port v000001f6d0b62f80, 296;
v000001f6d0b62f80_297 .array/port v000001f6d0b62f80, 297;
v000001f6d0b62f80_298 .array/port v000001f6d0b62f80, 298;
v000001f6d0b62f80_299 .array/port v000001f6d0b62f80, 299;
E_000001f6d0ab6090/75 .event anyedge, v000001f6d0b62f80_296, v000001f6d0b62f80_297, v000001f6d0b62f80_298, v000001f6d0b62f80_299;
v000001f6d0b62f80_300 .array/port v000001f6d0b62f80, 300;
v000001f6d0b62f80_301 .array/port v000001f6d0b62f80, 301;
v000001f6d0b62f80_302 .array/port v000001f6d0b62f80, 302;
v000001f6d0b62f80_303 .array/port v000001f6d0b62f80, 303;
E_000001f6d0ab6090/76 .event anyedge, v000001f6d0b62f80_300, v000001f6d0b62f80_301, v000001f6d0b62f80_302, v000001f6d0b62f80_303;
v000001f6d0b62f80_304 .array/port v000001f6d0b62f80, 304;
v000001f6d0b62f80_305 .array/port v000001f6d0b62f80, 305;
v000001f6d0b62f80_306 .array/port v000001f6d0b62f80, 306;
v000001f6d0b62f80_307 .array/port v000001f6d0b62f80, 307;
E_000001f6d0ab6090/77 .event anyedge, v000001f6d0b62f80_304, v000001f6d0b62f80_305, v000001f6d0b62f80_306, v000001f6d0b62f80_307;
v000001f6d0b62f80_308 .array/port v000001f6d0b62f80, 308;
v000001f6d0b62f80_309 .array/port v000001f6d0b62f80, 309;
v000001f6d0b62f80_310 .array/port v000001f6d0b62f80, 310;
v000001f6d0b62f80_311 .array/port v000001f6d0b62f80, 311;
E_000001f6d0ab6090/78 .event anyedge, v000001f6d0b62f80_308, v000001f6d0b62f80_309, v000001f6d0b62f80_310, v000001f6d0b62f80_311;
v000001f6d0b62f80_312 .array/port v000001f6d0b62f80, 312;
v000001f6d0b62f80_313 .array/port v000001f6d0b62f80, 313;
v000001f6d0b62f80_314 .array/port v000001f6d0b62f80, 314;
v000001f6d0b62f80_315 .array/port v000001f6d0b62f80, 315;
E_000001f6d0ab6090/79 .event anyedge, v000001f6d0b62f80_312, v000001f6d0b62f80_313, v000001f6d0b62f80_314, v000001f6d0b62f80_315;
v000001f6d0b62f80_316 .array/port v000001f6d0b62f80, 316;
v000001f6d0b62f80_317 .array/port v000001f6d0b62f80, 317;
v000001f6d0b62f80_318 .array/port v000001f6d0b62f80, 318;
v000001f6d0b62f80_319 .array/port v000001f6d0b62f80, 319;
E_000001f6d0ab6090/80 .event anyedge, v000001f6d0b62f80_316, v000001f6d0b62f80_317, v000001f6d0b62f80_318, v000001f6d0b62f80_319;
v000001f6d0b62f80_320 .array/port v000001f6d0b62f80, 320;
v000001f6d0b62f80_321 .array/port v000001f6d0b62f80, 321;
v000001f6d0b62f80_322 .array/port v000001f6d0b62f80, 322;
v000001f6d0b62f80_323 .array/port v000001f6d0b62f80, 323;
E_000001f6d0ab6090/81 .event anyedge, v000001f6d0b62f80_320, v000001f6d0b62f80_321, v000001f6d0b62f80_322, v000001f6d0b62f80_323;
v000001f6d0b62f80_324 .array/port v000001f6d0b62f80, 324;
v000001f6d0b62f80_325 .array/port v000001f6d0b62f80, 325;
v000001f6d0b62f80_326 .array/port v000001f6d0b62f80, 326;
v000001f6d0b62f80_327 .array/port v000001f6d0b62f80, 327;
E_000001f6d0ab6090/82 .event anyedge, v000001f6d0b62f80_324, v000001f6d0b62f80_325, v000001f6d0b62f80_326, v000001f6d0b62f80_327;
v000001f6d0b62f80_328 .array/port v000001f6d0b62f80, 328;
v000001f6d0b62f80_329 .array/port v000001f6d0b62f80, 329;
v000001f6d0b62f80_330 .array/port v000001f6d0b62f80, 330;
v000001f6d0b62f80_331 .array/port v000001f6d0b62f80, 331;
E_000001f6d0ab6090/83 .event anyedge, v000001f6d0b62f80_328, v000001f6d0b62f80_329, v000001f6d0b62f80_330, v000001f6d0b62f80_331;
v000001f6d0b62f80_332 .array/port v000001f6d0b62f80, 332;
v000001f6d0b62f80_333 .array/port v000001f6d0b62f80, 333;
v000001f6d0b62f80_334 .array/port v000001f6d0b62f80, 334;
v000001f6d0b62f80_335 .array/port v000001f6d0b62f80, 335;
E_000001f6d0ab6090/84 .event anyedge, v000001f6d0b62f80_332, v000001f6d0b62f80_333, v000001f6d0b62f80_334, v000001f6d0b62f80_335;
v000001f6d0b62f80_336 .array/port v000001f6d0b62f80, 336;
v000001f6d0b62f80_337 .array/port v000001f6d0b62f80, 337;
v000001f6d0b62f80_338 .array/port v000001f6d0b62f80, 338;
v000001f6d0b62f80_339 .array/port v000001f6d0b62f80, 339;
E_000001f6d0ab6090/85 .event anyedge, v000001f6d0b62f80_336, v000001f6d0b62f80_337, v000001f6d0b62f80_338, v000001f6d0b62f80_339;
v000001f6d0b62f80_340 .array/port v000001f6d0b62f80, 340;
v000001f6d0b62f80_341 .array/port v000001f6d0b62f80, 341;
v000001f6d0b62f80_342 .array/port v000001f6d0b62f80, 342;
v000001f6d0b62f80_343 .array/port v000001f6d0b62f80, 343;
E_000001f6d0ab6090/86 .event anyedge, v000001f6d0b62f80_340, v000001f6d0b62f80_341, v000001f6d0b62f80_342, v000001f6d0b62f80_343;
v000001f6d0b62f80_344 .array/port v000001f6d0b62f80, 344;
v000001f6d0b62f80_345 .array/port v000001f6d0b62f80, 345;
v000001f6d0b62f80_346 .array/port v000001f6d0b62f80, 346;
v000001f6d0b62f80_347 .array/port v000001f6d0b62f80, 347;
E_000001f6d0ab6090/87 .event anyedge, v000001f6d0b62f80_344, v000001f6d0b62f80_345, v000001f6d0b62f80_346, v000001f6d0b62f80_347;
v000001f6d0b62f80_348 .array/port v000001f6d0b62f80, 348;
v000001f6d0b62f80_349 .array/port v000001f6d0b62f80, 349;
v000001f6d0b62f80_350 .array/port v000001f6d0b62f80, 350;
v000001f6d0b62f80_351 .array/port v000001f6d0b62f80, 351;
E_000001f6d0ab6090/88 .event anyedge, v000001f6d0b62f80_348, v000001f6d0b62f80_349, v000001f6d0b62f80_350, v000001f6d0b62f80_351;
v000001f6d0b62f80_352 .array/port v000001f6d0b62f80, 352;
v000001f6d0b62f80_353 .array/port v000001f6d0b62f80, 353;
v000001f6d0b62f80_354 .array/port v000001f6d0b62f80, 354;
v000001f6d0b62f80_355 .array/port v000001f6d0b62f80, 355;
E_000001f6d0ab6090/89 .event anyedge, v000001f6d0b62f80_352, v000001f6d0b62f80_353, v000001f6d0b62f80_354, v000001f6d0b62f80_355;
v000001f6d0b62f80_356 .array/port v000001f6d0b62f80, 356;
v000001f6d0b62f80_357 .array/port v000001f6d0b62f80, 357;
v000001f6d0b62f80_358 .array/port v000001f6d0b62f80, 358;
v000001f6d0b62f80_359 .array/port v000001f6d0b62f80, 359;
E_000001f6d0ab6090/90 .event anyedge, v000001f6d0b62f80_356, v000001f6d0b62f80_357, v000001f6d0b62f80_358, v000001f6d0b62f80_359;
v000001f6d0b62f80_360 .array/port v000001f6d0b62f80, 360;
v000001f6d0b62f80_361 .array/port v000001f6d0b62f80, 361;
v000001f6d0b62f80_362 .array/port v000001f6d0b62f80, 362;
v000001f6d0b62f80_363 .array/port v000001f6d0b62f80, 363;
E_000001f6d0ab6090/91 .event anyedge, v000001f6d0b62f80_360, v000001f6d0b62f80_361, v000001f6d0b62f80_362, v000001f6d0b62f80_363;
v000001f6d0b62f80_364 .array/port v000001f6d0b62f80, 364;
v000001f6d0b62f80_365 .array/port v000001f6d0b62f80, 365;
v000001f6d0b62f80_366 .array/port v000001f6d0b62f80, 366;
v000001f6d0b62f80_367 .array/port v000001f6d0b62f80, 367;
E_000001f6d0ab6090/92 .event anyedge, v000001f6d0b62f80_364, v000001f6d0b62f80_365, v000001f6d0b62f80_366, v000001f6d0b62f80_367;
v000001f6d0b62f80_368 .array/port v000001f6d0b62f80, 368;
v000001f6d0b62f80_369 .array/port v000001f6d0b62f80, 369;
v000001f6d0b62f80_370 .array/port v000001f6d0b62f80, 370;
v000001f6d0b62f80_371 .array/port v000001f6d0b62f80, 371;
E_000001f6d0ab6090/93 .event anyedge, v000001f6d0b62f80_368, v000001f6d0b62f80_369, v000001f6d0b62f80_370, v000001f6d0b62f80_371;
v000001f6d0b62f80_372 .array/port v000001f6d0b62f80, 372;
v000001f6d0b62f80_373 .array/port v000001f6d0b62f80, 373;
v000001f6d0b62f80_374 .array/port v000001f6d0b62f80, 374;
v000001f6d0b62f80_375 .array/port v000001f6d0b62f80, 375;
E_000001f6d0ab6090/94 .event anyedge, v000001f6d0b62f80_372, v000001f6d0b62f80_373, v000001f6d0b62f80_374, v000001f6d0b62f80_375;
v000001f6d0b62f80_376 .array/port v000001f6d0b62f80, 376;
v000001f6d0b62f80_377 .array/port v000001f6d0b62f80, 377;
v000001f6d0b62f80_378 .array/port v000001f6d0b62f80, 378;
v000001f6d0b62f80_379 .array/port v000001f6d0b62f80, 379;
E_000001f6d0ab6090/95 .event anyedge, v000001f6d0b62f80_376, v000001f6d0b62f80_377, v000001f6d0b62f80_378, v000001f6d0b62f80_379;
v000001f6d0b62f80_380 .array/port v000001f6d0b62f80, 380;
v000001f6d0b62f80_381 .array/port v000001f6d0b62f80, 381;
v000001f6d0b62f80_382 .array/port v000001f6d0b62f80, 382;
v000001f6d0b62f80_383 .array/port v000001f6d0b62f80, 383;
E_000001f6d0ab6090/96 .event anyedge, v000001f6d0b62f80_380, v000001f6d0b62f80_381, v000001f6d0b62f80_382, v000001f6d0b62f80_383;
v000001f6d0b62f80_384 .array/port v000001f6d0b62f80, 384;
v000001f6d0b62f80_385 .array/port v000001f6d0b62f80, 385;
v000001f6d0b62f80_386 .array/port v000001f6d0b62f80, 386;
v000001f6d0b62f80_387 .array/port v000001f6d0b62f80, 387;
E_000001f6d0ab6090/97 .event anyedge, v000001f6d0b62f80_384, v000001f6d0b62f80_385, v000001f6d0b62f80_386, v000001f6d0b62f80_387;
v000001f6d0b62f80_388 .array/port v000001f6d0b62f80, 388;
v000001f6d0b62f80_389 .array/port v000001f6d0b62f80, 389;
v000001f6d0b62f80_390 .array/port v000001f6d0b62f80, 390;
v000001f6d0b62f80_391 .array/port v000001f6d0b62f80, 391;
E_000001f6d0ab6090/98 .event anyedge, v000001f6d0b62f80_388, v000001f6d0b62f80_389, v000001f6d0b62f80_390, v000001f6d0b62f80_391;
v000001f6d0b62f80_392 .array/port v000001f6d0b62f80, 392;
v000001f6d0b62f80_393 .array/port v000001f6d0b62f80, 393;
v000001f6d0b62f80_394 .array/port v000001f6d0b62f80, 394;
v000001f6d0b62f80_395 .array/port v000001f6d0b62f80, 395;
E_000001f6d0ab6090/99 .event anyedge, v000001f6d0b62f80_392, v000001f6d0b62f80_393, v000001f6d0b62f80_394, v000001f6d0b62f80_395;
v000001f6d0b62f80_396 .array/port v000001f6d0b62f80, 396;
v000001f6d0b62f80_397 .array/port v000001f6d0b62f80, 397;
v000001f6d0b62f80_398 .array/port v000001f6d0b62f80, 398;
v000001f6d0b62f80_399 .array/port v000001f6d0b62f80, 399;
E_000001f6d0ab6090/100 .event anyedge, v000001f6d0b62f80_396, v000001f6d0b62f80_397, v000001f6d0b62f80_398, v000001f6d0b62f80_399;
v000001f6d0b62f80_400 .array/port v000001f6d0b62f80, 400;
v000001f6d0b62f80_401 .array/port v000001f6d0b62f80, 401;
v000001f6d0b62f80_402 .array/port v000001f6d0b62f80, 402;
v000001f6d0b62f80_403 .array/port v000001f6d0b62f80, 403;
E_000001f6d0ab6090/101 .event anyedge, v000001f6d0b62f80_400, v000001f6d0b62f80_401, v000001f6d0b62f80_402, v000001f6d0b62f80_403;
v000001f6d0b62f80_404 .array/port v000001f6d0b62f80, 404;
v000001f6d0b62f80_405 .array/port v000001f6d0b62f80, 405;
v000001f6d0b62f80_406 .array/port v000001f6d0b62f80, 406;
v000001f6d0b62f80_407 .array/port v000001f6d0b62f80, 407;
E_000001f6d0ab6090/102 .event anyedge, v000001f6d0b62f80_404, v000001f6d0b62f80_405, v000001f6d0b62f80_406, v000001f6d0b62f80_407;
v000001f6d0b62f80_408 .array/port v000001f6d0b62f80, 408;
v000001f6d0b62f80_409 .array/port v000001f6d0b62f80, 409;
v000001f6d0b62f80_410 .array/port v000001f6d0b62f80, 410;
v000001f6d0b62f80_411 .array/port v000001f6d0b62f80, 411;
E_000001f6d0ab6090/103 .event anyedge, v000001f6d0b62f80_408, v000001f6d0b62f80_409, v000001f6d0b62f80_410, v000001f6d0b62f80_411;
v000001f6d0b62f80_412 .array/port v000001f6d0b62f80, 412;
v000001f6d0b62f80_413 .array/port v000001f6d0b62f80, 413;
v000001f6d0b62f80_414 .array/port v000001f6d0b62f80, 414;
v000001f6d0b62f80_415 .array/port v000001f6d0b62f80, 415;
E_000001f6d0ab6090/104 .event anyedge, v000001f6d0b62f80_412, v000001f6d0b62f80_413, v000001f6d0b62f80_414, v000001f6d0b62f80_415;
v000001f6d0b62f80_416 .array/port v000001f6d0b62f80, 416;
v000001f6d0b62f80_417 .array/port v000001f6d0b62f80, 417;
v000001f6d0b62f80_418 .array/port v000001f6d0b62f80, 418;
v000001f6d0b62f80_419 .array/port v000001f6d0b62f80, 419;
E_000001f6d0ab6090/105 .event anyedge, v000001f6d0b62f80_416, v000001f6d0b62f80_417, v000001f6d0b62f80_418, v000001f6d0b62f80_419;
v000001f6d0b62f80_420 .array/port v000001f6d0b62f80, 420;
v000001f6d0b62f80_421 .array/port v000001f6d0b62f80, 421;
v000001f6d0b62f80_422 .array/port v000001f6d0b62f80, 422;
v000001f6d0b62f80_423 .array/port v000001f6d0b62f80, 423;
E_000001f6d0ab6090/106 .event anyedge, v000001f6d0b62f80_420, v000001f6d0b62f80_421, v000001f6d0b62f80_422, v000001f6d0b62f80_423;
v000001f6d0b62f80_424 .array/port v000001f6d0b62f80, 424;
v000001f6d0b62f80_425 .array/port v000001f6d0b62f80, 425;
v000001f6d0b62f80_426 .array/port v000001f6d0b62f80, 426;
v000001f6d0b62f80_427 .array/port v000001f6d0b62f80, 427;
E_000001f6d0ab6090/107 .event anyedge, v000001f6d0b62f80_424, v000001f6d0b62f80_425, v000001f6d0b62f80_426, v000001f6d0b62f80_427;
v000001f6d0b62f80_428 .array/port v000001f6d0b62f80, 428;
v000001f6d0b62f80_429 .array/port v000001f6d0b62f80, 429;
v000001f6d0b62f80_430 .array/port v000001f6d0b62f80, 430;
v000001f6d0b62f80_431 .array/port v000001f6d0b62f80, 431;
E_000001f6d0ab6090/108 .event anyedge, v000001f6d0b62f80_428, v000001f6d0b62f80_429, v000001f6d0b62f80_430, v000001f6d0b62f80_431;
v000001f6d0b62f80_432 .array/port v000001f6d0b62f80, 432;
v000001f6d0b62f80_433 .array/port v000001f6d0b62f80, 433;
v000001f6d0b62f80_434 .array/port v000001f6d0b62f80, 434;
v000001f6d0b62f80_435 .array/port v000001f6d0b62f80, 435;
E_000001f6d0ab6090/109 .event anyedge, v000001f6d0b62f80_432, v000001f6d0b62f80_433, v000001f6d0b62f80_434, v000001f6d0b62f80_435;
v000001f6d0b62f80_436 .array/port v000001f6d0b62f80, 436;
v000001f6d0b62f80_437 .array/port v000001f6d0b62f80, 437;
v000001f6d0b62f80_438 .array/port v000001f6d0b62f80, 438;
v000001f6d0b62f80_439 .array/port v000001f6d0b62f80, 439;
E_000001f6d0ab6090/110 .event anyedge, v000001f6d0b62f80_436, v000001f6d0b62f80_437, v000001f6d0b62f80_438, v000001f6d0b62f80_439;
v000001f6d0b62f80_440 .array/port v000001f6d0b62f80, 440;
v000001f6d0b62f80_441 .array/port v000001f6d0b62f80, 441;
v000001f6d0b62f80_442 .array/port v000001f6d0b62f80, 442;
v000001f6d0b62f80_443 .array/port v000001f6d0b62f80, 443;
E_000001f6d0ab6090/111 .event anyedge, v000001f6d0b62f80_440, v000001f6d0b62f80_441, v000001f6d0b62f80_442, v000001f6d0b62f80_443;
v000001f6d0b62f80_444 .array/port v000001f6d0b62f80, 444;
v000001f6d0b62f80_445 .array/port v000001f6d0b62f80, 445;
v000001f6d0b62f80_446 .array/port v000001f6d0b62f80, 446;
v000001f6d0b62f80_447 .array/port v000001f6d0b62f80, 447;
E_000001f6d0ab6090/112 .event anyedge, v000001f6d0b62f80_444, v000001f6d0b62f80_445, v000001f6d0b62f80_446, v000001f6d0b62f80_447;
v000001f6d0b62f80_448 .array/port v000001f6d0b62f80, 448;
v000001f6d0b62f80_449 .array/port v000001f6d0b62f80, 449;
v000001f6d0b62f80_450 .array/port v000001f6d0b62f80, 450;
v000001f6d0b62f80_451 .array/port v000001f6d0b62f80, 451;
E_000001f6d0ab6090/113 .event anyedge, v000001f6d0b62f80_448, v000001f6d0b62f80_449, v000001f6d0b62f80_450, v000001f6d0b62f80_451;
v000001f6d0b62f80_452 .array/port v000001f6d0b62f80, 452;
v000001f6d0b62f80_453 .array/port v000001f6d0b62f80, 453;
v000001f6d0b62f80_454 .array/port v000001f6d0b62f80, 454;
v000001f6d0b62f80_455 .array/port v000001f6d0b62f80, 455;
E_000001f6d0ab6090/114 .event anyedge, v000001f6d0b62f80_452, v000001f6d0b62f80_453, v000001f6d0b62f80_454, v000001f6d0b62f80_455;
v000001f6d0b62f80_456 .array/port v000001f6d0b62f80, 456;
v000001f6d0b62f80_457 .array/port v000001f6d0b62f80, 457;
v000001f6d0b62f80_458 .array/port v000001f6d0b62f80, 458;
v000001f6d0b62f80_459 .array/port v000001f6d0b62f80, 459;
E_000001f6d0ab6090/115 .event anyedge, v000001f6d0b62f80_456, v000001f6d0b62f80_457, v000001f6d0b62f80_458, v000001f6d0b62f80_459;
v000001f6d0b62f80_460 .array/port v000001f6d0b62f80, 460;
v000001f6d0b62f80_461 .array/port v000001f6d0b62f80, 461;
v000001f6d0b62f80_462 .array/port v000001f6d0b62f80, 462;
v000001f6d0b62f80_463 .array/port v000001f6d0b62f80, 463;
E_000001f6d0ab6090/116 .event anyedge, v000001f6d0b62f80_460, v000001f6d0b62f80_461, v000001f6d0b62f80_462, v000001f6d0b62f80_463;
v000001f6d0b62f80_464 .array/port v000001f6d0b62f80, 464;
v000001f6d0b62f80_465 .array/port v000001f6d0b62f80, 465;
v000001f6d0b62f80_466 .array/port v000001f6d0b62f80, 466;
v000001f6d0b62f80_467 .array/port v000001f6d0b62f80, 467;
E_000001f6d0ab6090/117 .event anyedge, v000001f6d0b62f80_464, v000001f6d0b62f80_465, v000001f6d0b62f80_466, v000001f6d0b62f80_467;
v000001f6d0b62f80_468 .array/port v000001f6d0b62f80, 468;
v000001f6d0b62f80_469 .array/port v000001f6d0b62f80, 469;
v000001f6d0b62f80_470 .array/port v000001f6d0b62f80, 470;
v000001f6d0b62f80_471 .array/port v000001f6d0b62f80, 471;
E_000001f6d0ab6090/118 .event anyedge, v000001f6d0b62f80_468, v000001f6d0b62f80_469, v000001f6d0b62f80_470, v000001f6d0b62f80_471;
v000001f6d0b62f80_472 .array/port v000001f6d0b62f80, 472;
v000001f6d0b62f80_473 .array/port v000001f6d0b62f80, 473;
v000001f6d0b62f80_474 .array/port v000001f6d0b62f80, 474;
v000001f6d0b62f80_475 .array/port v000001f6d0b62f80, 475;
E_000001f6d0ab6090/119 .event anyedge, v000001f6d0b62f80_472, v000001f6d0b62f80_473, v000001f6d0b62f80_474, v000001f6d0b62f80_475;
v000001f6d0b62f80_476 .array/port v000001f6d0b62f80, 476;
v000001f6d0b62f80_477 .array/port v000001f6d0b62f80, 477;
v000001f6d0b62f80_478 .array/port v000001f6d0b62f80, 478;
v000001f6d0b62f80_479 .array/port v000001f6d0b62f80, 479;
E_000001f6d0ab6090/120 .event anyedge, v000001f6d0b62f80_476, v000001f6d0b62f80_477, v000001f6d0b62f80_478, v000001f6d0b62f80_479;
v000001f6d0b62f80_480 .array/port v000001f6d0b62f80, 480;
v000001f6d0b62f80_481 .array/port v000001f6d0b62f80, 481;
v000001f6d0b62f80_482 .array/port v000001f6d0b62f80, 482;
v000001f6d0b62f80_483 .array/port v000001f6d0b62f80, 483;
E_000001f6d0ab6090/121 .event anyedge, v000001f6d0b62f80_480, v000001f6d0b62f80_481, v000001f6d0b62f80_482, v000001f6d0b62f80_483;
v000001f6d0b62f80_484 .array/port v000001f6d0b62f80, 484;
v000001f6d0b62f80_485 .array/port v000001f6d0b62f80, 485;
v000001f6d0b62f80_486 .array/port v000001f6d0b62f80, 486;
v000001f6d0b62f80_487 .array/port v000001f6d0b62f80, 487;
E_000001f6d0ab6090/122 .event anyedge, v000001f6d0b62f80_484, v000001f6d0b62f80_485, v000001f6d0b62f80_486, v000001f6d0b62f80_487;
v000001f6d0b62f80_488 .array/port v000001f6d0b62f80, 488;
v000001f6d0b62f80_489 .array/port v000001f6d0b62f80, 489;
v000001f6d0b62f80_490 .array/port v000001f6d0b62f80, 490;
v000001f6d0b62f80_491 .array/port v000001f6d0b62f80, 491;
E_000001f6d0ab6090/123 .event anyedge, v000001f6d0b62f80_488, v000001f6d0b62f80_489, v000001f6d0b62f80_490, v000001f6d0b62f80_491;
v000001f6d0b62f80_492 .array/port v000001f6d0b62f80, 492;
v000001f6d0b62f80_493 .array/port v000001f6d0b62f80, 493;
v000001f6d0b62f80_494 .array/port v000001f6d0b62f80, 494;
v000001f6d0b62f80_495 .array/port v000001f6d0b62f80, 495;
E_000001f6d0ab6090/124 .event anyedge, v000001f6d0b62f80_492, v000001f6d0b62f80_493, v000001f6d0b62f80_494, v000001f6d0b62f80_495;
v000001f6d0b62f80_496 .array/port v000001f6d0b62f80, 496;
v000001f6d0b62f80_497 .array/port v000001f6d0b62f80, 497;
v000001f6d0b62f80_498 .array/port v000001f6d0b62f80, 498;
v000001f6d0b62f80_499 .array/port v000001f6d0b62f80, 499;
E_000001f6d0ab6090/125 .event anyedge, v000001f6d0b62f80_496, v000001f6d0b62f80_497, v000001f6d0b62f80_498, v000001f6d0b62f80_499;
v000001f6d0b62f80_500 .array/port v000001f6d0b62f80, 500;
v000001f6d0b62f80_501 .array/port v000001f6d0b62f80, 501;
v000001f6d0b62f80_502 .array/port v000001f6d0b62f80, 502;
v000001f6d0b62f80_503 .array/port v000001f6d0b62f80, 503;
E_000001f6d0ab6090/126 .event anyedge, v000001f6d0b62f80_500, v000001f6d0b62f80_501, v000001f6d0b62f80_502, v000001f6d0b62f80_503;
v000001f6d0b62f80_504 .array/port v000001f6d0b62f80, 504;
v000001f6d0b62f80_505 .array/port v000001f6d0b62f80, 505;
v000001f6d0b62f80_506 .array/port v000001f6d0b62f80, 506;
v000001f6d0b62f80_507 .array/port v000001f6d0b62f80, 507;
E_000001f6d0ab6090/127 .event anyedge, v000001f6d0b62f80_504, v000001f6d0b62f80_505, v000001f6d0b62f80_506, v000001f6d0b62f80_507;
v000001f6d0b62f80_508 .array/port v000001f6d0b62f80, 508;
v000001f6d0b62f80_509 .array/port v000001f6d0b62f80, 509;
v000001f6d0b62f80_510 .array/port v000001f6d0b62f80, 510;
v000001f6d0b62f80_511 .array/port v000001f6d0b62f80, 511;
E_000001f6d0ab6090/128 .event anyedge, v000001f6d0b62f80_508, v000001f6d0b62f80_509, v000001f6d0b62f80_510, v000001f6d0b62f80_511;
v000001f6d0b62f80_512 .array/port v000001f6d0b62f80, 512;
v000001f6d0b62f80_513 .array/port v000001f6d0b62f80, 513;
v000001f6d0b62f80_514 .array/port v000001f6d0b62f80, 514;
v000001f6d0b62f80_515 .array/port v000001f6d0b62f80, 515;
E_000001f6d0ab6090/129 .event anyedge, v000001f6d0b62f80_512, v000001f6d0b62f80_513, v000001f6d0b62f80_514, v000001f6d0b62f80_515;
v000001f6d0b62f80_516 .array/port v000001f6d0b62f80, 516;
v000001f6d0b62f80_517 .array/port v000001f6d0b62f80, 517;
v000001f6d0b62f80_518 .array/port v000001f6d0b62f80, 518;
v000001f6d0b62f80_519 .array/port v000001f6d0b62f80, 519;
E_000001f6d0ab6090/130 .event anyedge, v000001f6d0b62f80_516, v000001f6d0b62f80_517, v000001f6d0b62f80_518, v000001f6d0b62f80_519;
v000001f6d0b62f80_520 .array/port v000001f6d0b62f80, 520;
v000001f6d0b62f80_521 .array/port v000001f6d0b62f80, 521;
v000001f6d0b62f80_522 .array/port v000001f6d0b62f80, 522;
v000001f6d0b62f80_523 .array/port v000001f6d0b62f80, 523;
E_000001f6d0ab6090/131 .event anyedge, v000001f6d0b62f80_520, v000001f6d0b62f80_521, v000001f6d0b62f80_522, v000001f6d0b62f80_523;
v000001f6d0b62f80_524 .array/port v000001f6d0b62f80, 524;
v000001f6d0b62f80_525 .array/port v000001f6d0b62f80, 525;
v000001f6d0b62f80_526 .array/port v000001f6d0b62f80, 526;
v000001f6d0b62f80_527 .array/port v000001f6d0b62f80, 527;
E_000001f6d0ab6090/132 .event anyedge, v000001f6d0b62f80_524, v000001f6d0b62f80_525, v000001f6d0b62f80_526, v000001f6d0b62f80_527;
v000001f6d0b62f80_528 .array/port v000001f6d0b62f80, 528;
v000001f6d0b62f80_529 .array/port v000001f6d0b62f80, 529;
v000001f6d0b62f80_530 .array/port v000001f6d0b62f80, 530;
v000001f6d0b62f80_531 .array/port v000001f6d0b62f80, 531;
E_000001f6d0ab6090/133 .event anyedge, v000001f6d0b62f80_528, v000001f6d0b62f80_529, v000001f6d0b62f80_530, v000001f6d0b62f80_531;
v000001f6d0b62f80_532 .array/port v000001f6d0b62f80, 532;
v000001f6d0b62f80_533 .array/port v000001f6d0b62f80, 533;
v000001f6d0b62f80_534 .array/port v000001f6d0b62f80, 534;
v000001f6d0b62f80_535 .array/port v000001f6d0b62f80, 535;
E_000001f6d0ab6090/134 .event anyedge, v000001f6d0b62f80_532, v000001f6d0b62f80_533, v000001f6d0b62f80_534, v000001f6d0b62f80_535;
v000001f6d0b62f80_536 .array/port v000001f6d0b62f80, 536;
v000001f6d0b62f80_537 .array/port v000001f6d0b62f80, 537;
v000001f6d0b62f80_538 .array/port v000001f6d0b62f80, 538;
v000001f6d0b62f80_539 .array/port v000001f6d0b62f80, 539;
E_000001f6d0ab6090/135 .event anyedge, v000001f6d0b62f80_536, v000001f6d0b62f80_537, v000001f6d0b62f80_538, v000001f6d0b62f80_539;
v000001f6d0b62f80_540 .array/port v000001f6d0b62f80, 540;
v000001f6d0b62f80_541 .array/port v000001f6d0b62f80, 541;
v000001f6d0b62f80_542 .array/port v000001f6d0b62f80, 542;
v000001f6d0b62f80_543 .array/port v000001f6d0b62f80, 543;
E_000001f6d0ab6090/136 .event anyedge, v000001f6d0b62f80_540, v000001f6d0b62f80_541, v000001f6d0b62f80_542, v000001f6d0b62f80_543;
v000001f6d0b62f80_544 .array/port v000001f6d0b62f80, 544;
v000001f6d0b62f80_545 .array/port v000001f6d0b62f80, 545;
v000001f6d0b62f80_546 .array/port v000001f6d0b62f80, 546;
v000001f6d0b62f80_547 .array/port v000001f6d0b62f80, 547;
E_000001f6d0ab6090/137 .event anyedge, v000001f6d0b62f80_544, v000001f6d0b62f80_545, v000001f6d0b62f80_546, v000001f6d0b62f80_547;
v000001f6d0b62f80_548 .array/port v000001f6d0b62f80, 548;
v000001f6d0b62f80_549 .array/port v000001f6d0b62f80, 549;
v000001f6d0b62f80_550 .array/port v000001f6d0b62f80, 550;
v000001f6d0b62f80_551 .array/port v000001f6d0b62f80, 551;
E_000001f6d0ab6090/138 .event anyedge, v000001f6d0b62f80_548, v000001f6d0b62f80_549, v000001f6d0b62f80_550, v000001f6d0b62f80_551;
v000001f6d0b62f80_552 .array/port v000001f6d0b62f80, 552;
v000001f6d0b62f80_553 .array/port v000001f6d0b62f80, 553;
v000001f6d0b62f80_554 .array/port v000001f6d0b62f80, 554;
v000001f6d0b62f80_555 .array/port v000001f6d0b62f80, 555;
E_000001f6d0ab6090/139 .event anyedge, v000001f6d0b62f80_552, v000001f6d0b62f80_553, v000001f6d0b62f80_554, v000001f6d0b62f80_555;
v000001f6d0b62f80_556 .array/port v000001f6d0b62f80, 556;
v000001f6d0b62f80_557 .array/port v000001f6d0b62f80, 557;
v000001f6d0b62f80_558 .array/port v000001f6d0b62f80, 558;
v000001f6d0b62f80_559 .array/port v000001f6d0b62f80, 559;
E_000001f6d0ab6090/140 .event anyedge, v000001f6d0b62f80_556, v000001f6d0b62f80_557, v000001f6d0b62f80_558, v000001f6d0b62f80_559;
v000001f6d0b62f80_560 .array/port v000001f6d0b62f80, 560;
v000001f6d0b62f80_561 .array/port v000001f6d0b62f80, 561;
v000001f6d0b62f80_562 .array/port v000001f6d0b62f80, 562;
v000001f6d0b62f80_563 .array/port v000001f6d0b62f80, 563;
E_000001f6d0ab6090/141 .event anyedge, v000001f6d0b62f80_560, v000001f6d0b62f80_561, v000001f6d0b62f80_562, v000001f6d0b62f80_563;
v000001f6d0b62f80_564 .array/port v000001f6d0b62f80, 564;
v000001f6d0b62f80_565 .array/port v000001f6d0b62f80, 565;
v000001f6d0b62f80_566 .array/port v000001f6d0b62f80, 566;
v000001f6d0b62f80_567 .array/port v000001f6d0b62f80, 567;
E_000001f6d0ab6090/142 .event anyedge, v000001f6d0b62f80_564, v000001f6d0b62f80_565, v000001f6d0b62f80_566, v000001f6d0b62f80_567;
v000001f6d0b62f80_568 .array/port v000001f6d0b62f80, 568;
v000001f6d0b62f80_569 .array/port v000001f6d0b62f80, 569;
v000001f6d0b62f80_570 .array/port v000001f6d0b62f80, 570;
v000001f6d0b62f80_571 .array/port v000001f6d0b62f80, 571;
E_000001f6d0ab6090/143 .event anyedge, v000001f6d0b62f80_568, v000001f6d0b62f80_569, v000001f6d0b62f80_570, v000001f6d0b62f80_571;
v000001f6d0b62f80_572 .array/port v000001f6d0b62f80, 572;
v000001f6d0b62f80_573 .array/port v000001f6d0b62f80, 573;
v000001f6d0b62f80_574 .array/port v000001f6d0b62f80, 574;
v000001f6d0b62f80_575 .array/port v000001f6d0b62f80, 575;
E_000001f6d0ab6090/144 .event anyedge, v000001f6d0b62f80_572, v000001f6d0b62f80_573, v000001f6d0b62f80_574, v000001f6d0b62f80_575;
v000001f6d0b62f80_576 .array/port v000001f6d0b62f80, 576;
v000001f6d0b62f80_577 .array/port v000001f6d0b62f80, 577;
v000001f6d0b62f80_578 .array/port v000001f6d0b62f80, 578;
v000001f6d0b62f80_579 .array/port v000001f6d0b62f80, 579;
E_000001f6d0ab6090/145 .event anyedge, v000001f6d0b62f80_576, v000001f6d0b62f80_577, v000001f6d0b62f80_578, v000001f6d0b62f80_579;
v000001f6d0b62f80_580 .array/port v000001f6d0b62f80, 580;
v000001f6d0b62f80_581 .array/port v000001f6d0b62f80, 581;
v000001f6d0b62f80_582 .array/port v000001f6d0b62f80, 582;
v000001f6d0b62f80_583 .array/port v000001f6d0b62f80, 583;
E_000001f6d0ab6090/146 .event anyedge, v000001f6d0b62f80_580, v000001f6d0b62f80_581, v000001f6d0b62f80_582, v000001f6d0b62f80_583;
v000001f6d0b62f80_584 .array/port v000001f6d0b62f80, 584;
v000001f6d0b62f80_585 .array/port v000001f6d0b62f80, 585;
v000001f6d0b62f80_586 .array/port v000001f6d0b62f80, 586;
v000001f6d0b62f80_587 .array/port v000001f6d0b62f80, 587;
E_000001f6d0ab6090/147 .event anyedge, v000001f6d0b62f80_584, v000001f6d0b62f80_585, v000001f6d0b62f80_586, v000001f6d0b62f80_587;
v000001f6d0b62f80_588 .array/port v000001f6d0b62f80, 588;
v000001f6d0b62f80_589 .array/port v000001f6d0b62f80, 589;
v000001f6d0b62f80_590 .array/port v000001f6d0b62f80, 590;
v000001f6d0b62f80_591 .array/port v000001f6d0b62f80, 591;
E_000001f6d0ab6090/148 .event anyedge, v000001f6d0b62f80_588, v000001f6d0b62f80_589, v000001f6d0b62f80_590, v000001f6d0b62f80_591;
v000001f6d0b62f80_592 .array/port v000001f6d0b62f80, 592;
v000001f6d0b62f80_593 .array/port v000001f6d0b62f80, 593;
v000001f6d0b62f80_594 .array/port v000001f6d0b62f80, 594;
v000001f6d0b62f80_595 .array/port v000001f6d0b62f80, 595;
E_000001f6d0ab6090/149 .event anyedge, v000001f6d0b62f80_592, v000001f6d0b62f80_593, v000001f6d0b62f80_594, v000001f6d0b62f80_595;
v000001f6d0b62f80_596 .array/port v000001f6d0b62f80, 596;
v000001f6d0b62f80_597 .array/port v000001f6d0b62f80, 597;
v000001f6d0b62f80_598 .array/port v000001f6d0b62f80, 598;
v000001f6d0b62f80_599 .array/port v000001f6d0b62f80, 599;
E_000001f6d0ab6090/150 .event anyedge, v000001f6d0b62f80_596, v000001f6d0b62f80_597, v000001f6d0b62f80_598, v000001f6d0b62f80_599;
v000001f6d0b62f80_600 .array/port v000001f6d0b62f80, 600;
v000001f6d0b62f80_601 .array/port v000001f6d0b62f80, 601;
v000001f6d0b62f80_602 .array/port v000001f6d0b62f80, 602;
v000001f6d0b62f80_603 .array/port v000001f6d0b62f80, 603;
E_000001f6d0ab6090/151 .event anyedge, v000001f6d0b62f80_600, v000001f6d0b62f80_601, v000001f6d0b62f80_602, v000001f6d0b62f80_603;
v000001f6d0b62f80_604 .array/port v000001f6d0b62f80, 604;
v000001f6d0b62f80_605 .array/port v000001f6d0b62f80, 605;
v000001f6d0b62f80_606 .array/port v000001f6d0b62f80, 606;
v000001f6d0b62f80_607 .array/port v000001f6d0b62f80, 607;
E_000001f6d0ab6090/152 .event anyedge, v000001f6d0b62f80_604, v000001f6d0b62f80_605, v000001f6d0b62f80_606, v000001f6d0b62f80_607;
v000001f6d0b62f80_608 .array/port v000001f6d0b62f80, 608;
v000001f6d0b62f80_609 .array/port v000001f6d0b62f80, 609;
v000001f6d0b62f80_610 .array/port v000001f6d0b62f80, 610;
v000001f6d0b62f80_611 .array/port v000001f6d0b62f80, 611;
E_000001f6d0ab6090/153 .event anyedge, v000001f6d0b62f80_608, v000001f6d0b62f80_609, v000001f6d0b62f80_610, v000001f6d0b62f80_611;
v000001f6d0b62f80_612 .array/port v000001f6d0b62f80, 612;
v000001f6d0b62f80_613 .array/port v000001f6d0b62f80, 613;
v000001f6d0b62f80_614 .array/port v000001f6d0b62f80, 614;
v000001f6d0b62f80_615 .array/port v000001f6d0b62f80, 615;
E_000001f6d0ab6090/154 .event anyedge, v000001f6d0b62f80_612, v000001f6d0b62f80_613, v000001f6d0b62f80_614, v000001f6d0b62f80_615;
v000001f6d0b62f80_616 .array/port v000001f6d0b62f80, 616;
v000001f6d0b62f80_617 .array/port v000001f6d0b62f80, 617;
v000001f6d0b62f80_618 .array/port v000001f6d0b62f80, 618;
v000001f6d0b62f80_619 .array/port v000001f6d0b62f80, 619;
E_000001f6d0ab6090/155 .event anyedge, v000001f6d0b62f80_616, v000001f6d0b62f80_617, v000001f6d0b62f80_618, v000001f6d0b62f80_619;
v000001f6d0b62f80_620 .array/port v000001f6d0b62f80, 620;
v000001f6d0b62f80_621 .array/port v000001f6d0b62f80, 621;
v000001f6d0b62f80_622 .array/port v000001f6d0b62f80, 622;
v000001f6d0b62f80_623 .array/port v000001f6d0b62f80, 623;
E_000001f6d0ab6090/156 .event anyedge, v000001f6d0b62f80_620, v000001f6d0b62f80_621, v000001f6d0b62f80_622, v000001f6d0b62f80_623;
v000001f6d0b62f80_624 .array/port v000001f6d0b62f80, 624;
v000001f6d0b62f80_625 .array/port v000001f6d0b62f80, 625;
v000001f6d0b62f80_626 .array/port v000001f6d0b62f80, 626;
v000001f6d0b62f80_627 .array/port v000001f6d0b62f80, 627;
E_000001f6d0ab6090/157 .event anyedge, v000001f6d0b62f80_624, v000001f6d0b62f80_625, v000001f6d0b62f80_626, v000001f6d0b62f80_627;
v000001f6d0b62f80_628 .array/port v000001f6d0b62f80, 628;
v000001f6d0b62f80_629 .array/port v000001f6d0b62f80, 629;
v000001f6d0b62f80_630 .array/port v000001f6d0b62f80, 630;
v000001f6d0b62f80_631 .array/port v000001f6d0b62f80, 631;
E_000001f6d0ab6090/158 .event anyedge, v000001f6d0b62f80_628, v000001f6d0b62f80_629, v000001f6d0b62f80_630, v000001f6d0b62f80_631;
v000001f6d0b62f80_632 .array/port v000001f6d0b62f80, 632;
v000001f6d0b62f80_633 .array/port v000001f6d0b62f80, 633;
v000001f6d0b62f80_634 .array/port v000001f6d0b62f80, 634;
v000001f6d0b62f80_635 .array/port v000001f6d0b62f80, 635;
E_000001f6d0ab6090/159 .event anyedge, v000001f6d0b62f80_632, v000001f6d0b62f80_633, v000001f6d0b62f80_634, v000001f6d0b62f80_635;
v000001f6d0b62f80_636 .array/port v000001f6d0b62f80, 636;
v000001f6d0b62f80_637 .array/port v000001f6d0b62f80, 637;
v000001f6d0b62f80_638 .array/port v000001f6d0b62f80, 638;
v000001f6d0b62f80_639 .array/port v000001f6d0b62f80, 639;
E_000001f6d0ab6090/160 .event anyedge, v000001f6d0b62f80_636, v000001f6d0b62f80_637, v000001f6d0b62f80_638, v000001f6d0b62f80_639;
v000001f6d0b62f80_640 .array/port v000001f6d0b62f80, 640;
v000001f6d0b62f80_641 .array/port v000001f6d0b62f80, 641;
v000001f6d0b62f80_642 .array/port v000001f6d0b62f80, 642;
v000001f6d0b62f80_643 .array/port v000001f6d0b62f80, 643;
E_000001f6d0ab6090/161 .event anyedge, v000001f6d0b62f80_640, v000001f6d0b62f80_641, v000001f6d0b62f80_642, v000001f6d0b62f80_643;
v000001f6d0b62f80_644 .array/port v000001f6d0b62f80, 644;
v000001f6d0b62f80_645 .array/port v000001f6d0b62f80, 645;
v000001f6d0b62f80_646 .array/port v000001f6d0b62f80, 646;
v000001f6d0b62f80_647 .array/port v000001f6d0b62f80, 647;
E_000001f6d0ab6090/162 .event anyedge, v000001f6d0b62f80_644, v000001f6d0b62f80_645, v000001f6d0b62f80_646, v000001f6d0b62f80_647;
v000001f6d0b62f80_648 .array/port v000001f6d0b62f80, 648;
v000001f6d0b62f80_649 .array/port v000001f6d0b62f80, 649;
v000001f6d0b62f80_650 .array/port v000001f6d0b62f80, 650;
v000001f6d0b62f80_651 .array/port v000001f6d0b62f80, 651;
E_000001f6d0ab6090/163 .event anyedge, v000001f6d0b62f80_648, v000001f6d0b62f80_649, v000001f6d0b62f80_650, v000001f6d0b62f80_651;
v000001f6d0b62f80_652 .array/port v000001f6d0b62f80, 652;
v000001f6d0b62f80_653 .array/port v000001f6d0b62f80, 653;
v000001f6d0b62f80_654 .array/port v000001f6d0b62f80, 654;
v000001f6d0b62f80_655 .array/port v000001f6d0b62f80, 655;
E_000001f6d0ab6090/164 .event anyedge, v000001f6d0b62f80_652, v000001f6d0b62f80_653, v000001f6d0b62f80_654, v000001f6d0b62f80_655;
v000001f6d0b62f80_656 .array/port v000001f6d0b62f80, 656;
v000001f6d0b62f80_657 .array/port v000001f6d0b62f80, 657;
v000001f6d0b62f80_658 .array/port v000001f6d0b62f80, 658;
v000001f6d0b62f80_659 .array/port v000001f6d0b62f80, 659;
E_000001f6d0ab6090/165 .event anyedge, v000001f6d0b62f80_656, v000001f6d0b62f80_657, v000001f6d0b62f80_658, v000001f6d0b62f80_659;
v000001f6d0b62f80_660 .array/port v000001f6d0b62f80, 660;
v000001f6d0b62f80_661 .array/port v000001f6d0b62f80, 661;
v000001f6d0b62f80_662 .array/port v000001f6d0b62f80, 662;
v000001f6d0b62f80_663 .array/port v000001f6d0b62f80, 663;
E_000001f6d0ab6090/166 .event anyedge, v000001f6d0b62f80_660, v000001f6d0b62f80_661, v000001f6d0b62f80_662, v000001f6d0b62f80_663;
v000001f6d0b62f80_664 .array/port v000001f6d0b62f80, 664;
v000001f6d0b62f80_665 .array/port v000001f6d0b62f80, 665;
v000001f6d0b62f80_666 .array/port v000001f6d0b62f80, 666;
v000001f6d0b62f80_667 .array/port v000001f6d0b62f80, 667;
E_000001f6d0ab6090/167 .event anyedge, v000001f6d0b62f80_664, v000001f6d0b62f80_665, v000001f6d0b62f80_666, v000001f6d0b62f80_667;
v000001f6d0b62f80_668 .array/port v000001f6d0b62f80, 668;
v000001f6d0b62f80_669 .array/port v000001f6d0b62f80, 669;
v000001f6d0b62f80_670 .array/port v000001f6d0b62f80, 670;
v000001f6d0b62f80_671 .array/port v000001f6d0b62f80, 671;
E_000001f6d0ab6090/168 .event anyedge, v000001f6d0b62f80_668, v000001f6d0b62f80_669, v000001f6d0b62f80_670, v000001f6d0b62f80_671;
v000001f6d0b62f80_672 .array/port v000001f6d0b62f80, 672;
v000001f6d0b62f80_673 .array/port v000001f6d0b62f80, 673;
v000001f6d0b62f80_674 .array/port v000001f6d0b62f80, 674;
v000001f6d0b62f80_675 .array/port v000001f6d0b62f80, 675;
E_000001f6d0ab6090/169 .event anyedge, v000001f6d0b62f80_672, v000001f6d0b62f80_673, v000001f6d0b62f80_674, v000001f6d0b62f80_675;
v000001f6d0b62f80_676 .array/port v000001f6d0b62f80, 676;
v000001f6d0b62f80_677 .array/port v000001f6d0b62f80, 677;
v000001f6d0b62f80_678 .array/port v000001f6d0b62f80, 678;
v000001f6d0b62f80_679 .array/port v000001f6d0b62f80, 679;
E_000001f6d0ab6090/170 .event anyedge, v000001f6d0b62f80_676, v000001f6d0b62f80_677, v000001f6d0b62f80_678, v000001f6d0b62f80_679;
v000001f6d0b62f80_680 .array/port v000001f6d0b62f80, 680;
v000001f6d0b62f80_681 .array/port v000001f6d0b62f80, 681;
v000001f6d0b62f80_682 .array/port v000001f6d0b62f80, 682;
v000001f6d0b62f80_683 .array/port v000001f6d0b62f80, 683;
E_000001f6d0ab6090/171 .event anyedge, v000001f6d0b62f80_680, v000001f6d0b62f80_681, v000001f6d0b62f80_682, v000001f6d0b62f80_683;
v000001f6d0b62f80_684 .array/port v000001f6d0b62f80, 684;
v000001f6d0b62f80_685 .array/port v000001f6d0b62f80, 685;
v000001f6d0b62f80_686 .array/port v000001f6d0b62f80, 686;
v000001f6d0b62f80_687 .array/port v000001f6d0b62f80, 687;
E_000001f6d0ab6090/172 .event anyedge, v000001f6d0b62f80_684, v000001f6d0b62f80_685, v000001f6d0b62f80_686, v000001f6d0b62f80_687;
v000001f6d0b62f80_688 .array/port v000001f6d0b62f80, 688;
v000001f6d0b62f80_689 .array/port v000001f6d0b62f80, 689;
v000001f6d0b62f80_690 .array/port v000001f6d0b62f80, 690;
v000001f6d0b62f80_691 .array/port v000001f6d0b62f80, 691;
E_000001f6d0ab6090/173 .event anyedge, v000001f6d0b62f80_688, v000001f6d0b62f80_689, v000001f6d0b62f80_690, v000001f6d0b62f80_691;
v000001f6d0b62f80_692 .array/port v000001f6d0b62f80, 692;
v000001f6d0b62f80_693 .array/port v000001f6d0b62f80, 693;
v000001f6d0b62f80_694 .array/port v000001f6d0b62f80, 694;
v000001f6d0b62f80_695 .array/port v000001f6d0b62f80, 695;
E_000001f6d0ab6090/174 .event anyedge, v000001f6d0b62f80_692, v000001f6d0b62f80_693, v000001f6d0b62f80_694, v000001f6d0b62f80_695;
v000001f6d0b62f80_696 .array/port v000001f6d0b62f80, 696;
v000001f6d0b62f80_697 .array/port v000001f6d0b62f80, 697;
v000001f6d0b62f80_698 .array/port v000001f6d0b62f80, 698;
v000001f6d0b62f80_699 .array/port v000001f6d0b62f80, 699;
E_000001f6d0ab6090/175 .event anyedge, v000001f6d0b62f80_696, v000001f6d0b62f80_697, v000001f6d0b62f80_698, v000001f6d0b62f80_699;
v000001f6d0b62f80_700 .array/port v000001f6d0b62f80, 700;
v000001f6d0b62f80_701 .array/port v000001f6d0b62f80, 701;
v000001f6d0b62f80_702 .array/port v000001f6d0b62f80, 702;
v000001f6d0b62f80_703 .array/port v000001f6d0b62f80, 703;
E_000001f6d0ab6090/176 .event anyedge, v000001f6d0b62f80_700, v000001f6d0b62f80_701, v000001f6d0b62f80_702, v000001f6d0b62f80_703;
v000001f6d0b62f80_704 .array/port v000001f6d0b62f80, 704;
v000001f6d0b62f80_705 .array/port v000001f6d0b62f80, 705;
v000001f6d0b62f80_706 .array/port v000001f6d0b62f80, 706;
v000001f6d0b62f80_707 .array/port v000001f6d0b62f80, 707;
E_000001f6d0ab6090/177 .event anyedge, v000001f6d0b62f80_704, v000001f6d0b62f80_705, v000001f6d0b62f80_706, v000001f6d0b62f80_707;
v000001f6d0b62f80_708 .array/port v000001f6d0b62f80, 708;
v000001f6d0b62f80_709 .array/port v000001f6d0b62f80, 709;
v000001f6d0b62f80_710 .array/port v000001f6d0b62f80, 710;
v000001f6d0b62f80_711 .array/port v000001f6d0b62f80, 711;
E_000001f6d0ab6090/178 .event anyedge, v000001f6d0b62f80_708, v000001f6d0b62f80_709, v000001f6d0b62f80_710, v000001f6d0b62f80_711;
v000001f6d0b62f80_712 .array/port v000001f6d0b62f80, 712;
v000001f6d0b62f80_713 .array/port v000001f6d0b62f80, 713;
v000001f6d0b62f80_714 .array/port v000001f6d0b62f80, 714;
v000001f6d0b62f80_715 .array/port v000001f6d0b62f80, 715;
E_000001f6d0ab6090/179 .event anyedge, v000001f6d0b62f80_712, v000001f6d0b62f80_713, v000001f6d0b62f80_714, v000001f6d0b62f80_715;
v000001f6d0b62f80_716 .array/port v000001f6d0b62f80, 716;
v000001f6d0b62f80_717 .array/port v000001f6d0b62f80, 717;
v000001f6d0b62f80_718 .array/port v000001f6d0b62f80, 718;
v000001f6d0b62f80_719 .array/port v000001f6d0b62f80, 719;
E_000001f6d0ab6090/180 .event anyedge, v000001f6d0b62f80_716, v000001f6d0b62f80_717, v000001f6d0b62f80_718, v000001f6d0b62f80_719;
v000001f6d0b62f80_720 .array/port v000001f6d0b62f80, 720;
v000001f6d0b62f80_721 .array/port v000001f6d0b62f80, 721;
v000001f6d0b62f80_722 .array/port v000001f6d0b62f80, 722;
v000001f6d0b62f80_723 .array/port v000001f6d0b62f80, 723;
E_000001f6d0ab6090/181 .event anyedge, v000001f6d0b62f80_720, v000001f6d0b62f80_721, v000001f6d0b62f80_722, v000001f6d0b62f80_723;
v000001f6d0b62f80_724 .array/port v000001f6d0b62f80, 724;
v000001f6d0b62f80_725 .array/port v000001f6d0b62f80, 725;
v000001f6d0b62f80_726 .array/port v000001f6d0b62f80, 726;
v000001f6d0b62f80_727 .array/port v000001f6d0b62f80, 727;
E_000001f6d0ab6090/182 .event anyedge, v000001f6d0b62f80_724, v000001f6d0b62f80_725, v000001f6d0b62f80_726, v000001f6d0b62f80_727;
v000001f6d0b62f80_728 .array/port v000001f6d0b62f80, 728;
v000001f6d0b62f80_729 .array/port v000001f6d0b62f80, 729;
v000001f6d0b62f80_730 .array/port v000001f6d0b62f80, 730;
v000001f6d0b62f80_731 .array/port v000001f6d0b62f80, 731;
E_000001f6d0ab6090/183 .event anyedge, v000001f6d0b62f80_728, v000001f6d0b62f80_729, v000001f6d0b62f80_730, v000001f6d0b62f80_731;
v000001f6d0b62f80_732 .array/port v000001f6d0b62f80, 732;
v000001f6d0b62f80_733 .array/port v000001f6d0b62f80, 733;
v000001f6d0b62f80_734 .array/port v000001f6d0b62f80, 734;
v000001f6d0b62f80_735 .array/port v000001f6d0b62f80, 735;
E_000001f6d0ab6090/184 .event anyedge, v000001f6d0b62f80_732, v000001f6d0b62f80_733, v000001f6d0b62f80_734, v000001f6d0b62f80_735;
v000001f6d0b62f80_736 .array/port v000001f6d0b62f80, 736;
v000001f6d0b62f80_737 .array/port v000001f6d0b62f80, 737;
v000001f6d0b62f80_738 .array/port v000001f6d0b62f80, 738;
v000001f6d0b62f80_739 .array/port v000001f6d0b62f80, 739;
E_000001f6d0ab6090/185 .event anyedge, v000001f6d0b62f80_736, v000001f6d0b62f80_737, v000001f6d0b62f80_738, v000001f6d0b62f80_739;
v000001f6d0b62f80_740 .array/port v000001f6d0b62f80, 740;
v000001f6d0b62f80_741 .array/port v000001f6d0b62f80, 741;
v000001f6d0b62f80_742 .array/port v000001f6d0b62f80, 742;
v000001f6d0b62f80_743 .array/port v000001f6d0b62f80, 743;
E_000001f6d0ab6090/186 .event anyedge, v000001f6d0b62f80_740, v000001f6d0b62f80_741, v000001f6d0b62f80_742, v000001f6d0b62f80_743;
v000001f6d0b62f80_744 .array/port v000001f6d0b62f80, 744;
v000001f6d0b62f80_745 .array/port v000001f6d0b62f80, 745;
v000001f6d0b62f80_746 .array/port v000001f6d0b62f80, 746;
v000001f6d0b62f80_747 .array/port v000001f6d0b62f80, 747;
E_000001f6d0ab6090/187 .event anyedge, v000001f6d0b62f80_744, v000001f6d0b62f80_745, v000001f6d0b62f80_746, v000001f6d0b62f80_747;
v000001f6d0b62f80_748 .array/port v000001f6d0b62f80, 748;
v000001f6d0b62f80_749 .array/port v000001f6d0b62f80, 749;
v000001f6d0b62f80_750 .array/port v000001f6d0b62f80, 750;
v000001f6d0b62f80_751 .array/port v000001f6d0b62f80, 751;
E_000001f6d0ab6090/188 .event anyedge, v000001f6d0b62f80_748, v000001f6d0b62f80_749, v000001f6d0b62f80_750, v000001f6d0b62f80_751;
v000001f6d0b62f80_752 .array/port v000001f6d0b62f80, 752;
v000001f6d0b62f80_753 .array/port v000001f6d0b62f80, 753;
v000001f6d0b62f80_754 .array/port v000001f6d0b62f80, 754;
v000001f6d0b62f80_755 .array/port v000001f6d0b62f80, 755;
E_000001f6d0ab6090/189 .event anyedge, v000001f6d0b62f80_752, v000001f6d0b62f80_753, v000001f6d0b62f80_754, v000001f6d0b62f80_755;
v000001f6d0b62f80_756 .array/port v000001f6d0b62f80, 756;
v000001f6d0b62f80_757 .array/port v000001f6d0b62f80, 757;
v000001f6d0b62f80_758 .array/port v000001f6d0b62f80, 758;
v000001f6d0b62f80_759 .array/port v000001f6d0b62f80, 759;
E_000001f6d0ab6090/190 .event anyedge, v000001f6d0b62f80_756, v000001f6d0b62f80_757, v000001f6d0b62f80_758, v000001f6d0b62f80_759;
v000001f6d0b62f80_760 .array/port v000001f6d0b62f80, 760;
v000001f6d0b62f80_761 .array/port v000001f6d0b62f80, 761;
v000001f6d0b62f80_762 .array/port v000001f6d0b62f80, 762;
v000001f6d0b62f80_763 .array/port v000001f6d0b62f80, 763;
E_000001f6d0ab6090/191 .event anyedge, v000001f6d0b62f80_760, v000001f6d0b62f80_761, v000001f6d0b62f80_762, v000001f6d0b62f80_763;
v000001f6d0b62f80_764 .array/port v000001f6d0b62f80, 764;
v000001f6d0b62f80_765 .array/port v000001f6d0b62f80, 765;
v000001f6d0b62f80_766 .array/port v000001f6d0b62f80, 766;
v000001f6d0b62f80_767 .array/port v000001f6d0b62f80, 767;
E_000001f6d0ab6090/192 .event anyedge, v000001f6d0b62f80_764, v000001f6d0b62f80_765, v000001f6d0b62f80_766, v000001f6d0b62f80_767;
v000001f6d0b62f80_768 .array/port v000001f6d0b62f80, 768;
v000001f6d0b62f80_769 .array/port v000001f6d0b62f80, 769;
v000001f6d0b62f80_770 .array/port v000001f6d0b62f80, 770;
v000001f6d0b62f80_771 .array/port v000001f6d0b62f80, 771;
E_000001f6d0ab6090/193 .event anyedge, v000001f6d0b62f80_768, v000001f6d0b62f80_769, v000001f6d0b62f80_770, v000001f6d0b62f80_771;
v000001f6d0b62f80_772 .array/port v000001f6d0b62f80, 772;
v000001f6d0b62f80_773 .array/port v000001f6d0b62f80, 773;
v000001f6d0b62f80_774 .array/port v000001f6d0b62f80, 774;
v000001f6d0b62f80_775 .array/port v000001f6d0b62f80, 775;
E_000001f6d0ab6090/194 .event anyedge, v000001f6d0b62f80_772, v000001f6d0b62f80_773, v000001f6d0b62f80_774, v000001f6d0b62f80_775;
v000001f6d0b62f80_776 .array/port v000001f6d0b62f80, 776;
v000001f6d0b62f80_777 .array/port v000001f6d0b62f80, 777;
v000001f6d0b62f80_778 .array/port v000001f6d0b62f80, 778;
v000001f6d0b62f80_779 .array/port v000001f6d0b62f80, 779;
E_000001f6d0ab6090/195 .event anyedge, v000001f6d0b62f80_776, v000001f6d0b62f80_777, v000001f6d0b62f80_778, v000001f6d0b62f80_779;
v000001f6d0b62f80_780 .array/port v000001f6d0b62f80, 780;
v000001f6d0b62f80_781 .array/port v000001f6d0b62f80, 781;
v000001f6d0b62f80_782 .array/port v000001f6d0b62f80, 782;
v000001f6d0b62f80_783 .array/port v000001f6d0b62f80, 783;
E_000001f6d0ab6090/196 .event anyedge, v000001f6d0b62f80_780, v000001f6d0b62f80_781, v000001f6d0b62f80_782, v000001f6d0b62f80_783;
v000001f6d0b62f80_784 .array/port v000001f6d0b62f80, 784;
v000001f6d0b62f80_785 .array/port v000001f6d0b62f80, 785;
v000001f6d0b62f80_786 .array/port v000001f6d0b62f80, 786;
v000001f6d0b62f80_787 .array/port v000001f6d0b62f80, 787;
E_000001f6d0ab6090/197 .event anyedge, v000001f6d0b62f80_784, v000001f6d0b62f80_785, v000001f6d0b62f80_786, v000001f6d0b62f80_787;
v000001f6d0b62f80_788 .array/port v000001f6d0b62f80, 788;
v000001f6d0b62f80_789 .array/port v000001f6d0b62f80, 789;
v000001f6d0b62f80_790 .array/port v000001f6d0b62f80, 790;
v000001f6d0b62f80_791 .array/port v000001f6d0b62f80, 791;
E_000001f6d0ab6090/198 .event anyedge, v000001f6d0b62f80_788, v000001f6d0b62f80_789, v000001f6d0b62f80_790, v000001f6d0b62f80_791;
v000001f6d0b62f80_792 .array/port v000001f6d0b62f80, 792;
v000001f6d0b62f80_793 .array/port v000001f6d0b62f80, 793;
v000001f6d0b62f80_794 .array/port v000001f6d0b62f80, 794;
v000001f6d0b62f80_795 .array/port v000001f6d0b62f80, 795;
E_000001f6d0ab6090/199 .event anyedge, v000001f6d0b62f80_792, v000001f6d0b62f80_793, v000001f6d0b62f80_794, v000001f6d0b62f80_795;
v000001f6d0b62f80_796 .array/port v000001f6d0b62f80, 796;
v000001f6d0b62f80_797 .array/port v000001f6d0b62f80, 797;
v000001f6d0b62f80_798 .array/port v000001f6d0b62f80, 798;
v000001f6d0b62f80_799 .array/port v000001f6d0b62f80, 799;
E_000001f6d0ab6090/200 .event anyedge, v000001f6d0b62f80_796, v000001f6d0b62f80_797, v000001f6d0b62f80_798, v000001f6d0b62f80_799;
v000001f6d0b62f80_800 .array/port v000001f6d0b62f80, 800;
v000001f6d0b62f80_801 .array/port v000001f6d0b62f80, 801;
v000001f6d0b62f80_802 .array/port v000001f6d0b62f80, 802;
v000001f6d0b62f80_803 .array/port v000001f6d0b62f80, 803;
E_000001f6d0ab6090/201 .event anyedge, v000001f6d0b62f80_800, v000001f6d0b62f80_801, v000001f6d0b62f80_802, v000001f6d0b62f80_803;
v000001f6d0b62f80_804 .array/port v000001f6d0b62f80, 804;
v000001f6d0b62f80_805 .array/port v000001f6d0b62f80, 805;
v000001f6d0b62f80_806 .array/port v000001f6d0b62f80, 806;
v000001f6d0b62f80_807 .array/port v000001f6d0b62f80, 807;
E_000001f6d0ab6090/202 .event anyedge, v000001f6d0b62f80_804, v000001f6d0b62f80_805, v000001f6d0b62f80_806, v000001f6d0b62f80_807;
v000001f6d0b62f80_808 .array/port v000001f6d0b62f80, 808;
v000001f6d0b62f80_809 .array/port v000001f6d0b62f80, 809;
v000001f6d0b62f80_810 .array/port v000001f6d0b62f80, 810;
v000001f6d0b62f80_811 .array/port v000001f6d0b62f80, 811;
E_000001f6d0ab6090/203 .event anyedge, v000001f6d0b62f80_808, v000001f6d0b62f80_809, v000001f6d0b62f80_810, v000001f6d0b62f80_811;
v000001f6d0b62f80_812 .array/port v000001f6d0b62f80, 812;
v000001f6d0b62f80_813 .array/port v000001f6d0b62f80, 813;
v000001f6d0b62f80_814 .array/port v000001f6d0b62f80, 814;
v000001f6d0b62f80_815 .array/port v000001f6d0b62f80, 815;
E_000001f6d0ab6090/204 .event anyedge, v000001f6d0b62f80_812, v000001f6d0b62f80_813, v000001f6d0b62f80_814, v000001f6d0b62f80_815;
v000001f6d0b62f80_816 .array/port v000001f6d0b62f80, 816;
v000001f6d0b62f80_817 .array/port v000001f6d0b62f80, 817;
v000001f6d0b62f80_818 .array/port v000001f6d0b62f80, 818;
v000001f6d0b62f80_819 .array/port v000001f6d0b62f80, 819;
E_000001f6d0ab6090/205 .event anyedge, v000001f6d0b62f80_816, v000001f6d0b62f80_817, v000001f6d0b62f80_818, v000001f6d0b62f80_819;
v000001f6d0b62f80_820 .array/port v000001f6d0b62f80, 820;
v000001f6d0b62f80_821 .array/port v000001f6d0b62f80, 821;
v000001f6d0b62f80_822 .array/port v000001f6d0b62f80, 822;
v000001f6d0b62f80_823 .array/port v000001f6d0b62f80, 823;
E_000001f6d0ab6090/206 .event anyedge, v000001f6d0b62f80_820, v000001f6d0b62f80_821, v000001f6d0b62f80_822, v000001f6d0b62f80_823;
v000001f6d0b62f80_824 .array/port v000001f6d0b62f80, 824;
v000001f6d0b62f80_825 .array/port v000001f6d0b62f80, 825;
v000001f6d0b62f80_826 .array/port v000001f6d0b62f80, 826;
v000001f6d0b62f80_827 .array/port v000001f6d0b62f80, 827;
E_000001f6d0ab6090/207 .event anyedge, v000001f6d0b62f80_824, v000001f6d0b62f80_825, v000001f6d0b62f80_826, v000001f6d0b62f80_827;
v000001f6d0b62f80_828 .array/port v000001f6d0b62f80, 828;
v000001f6d0b62f80_829 .array/port v000001f6d0b62f80, 829;
v000001f6d0b62f80_830 .array/port v000001f6d0b62f80, 830;
v000001f6d0b62f80_831 .array/port v000001f6d0b62f80, 831;
E_000001f6d0ab6090/208 .event anyedge, v000001f6d0b62f80_828, v000001f6d0b62f80_829, v000001f6d0b62f80_830, v000001f6d0b62f80_831;
v000001f6d0b62f80_832 .array/port v000001f6d0b62f80, 832;
v000001f6d0b62f80_833 .array/port v000001f6d0b62f80, 833;
v000001f6d0b62f80_834 .array/port v000001f6d0b62f80, 834;
v000001f6d0b62f80_835 .array/port v000001f6d0b62f80, 835;
E_000001f6d0ab6090/209 .event anyedge, v000001f6d0b62f80_832, v000001f6d0b62f80_833, v000001f6d0b62f80_834, v000001f6d0b62f80_835;
v000001f6d0b62f80_836 .array/port v000001f6d0b62f80, 836;
v000001f6d0b62f80_837 .array/port v000001f6d0b62f80, 837;
v000001f6d0b62f80_838 .array/port v000001f6d0b62f80, 838;
v000001f6d0b62f80_839 .array/port v000001f6d0b62f80, 839;
E_000001f6d0ab6090/210 .event anyedge, v000001f6d0b62f80_836, v000001f6d0b62f80_837, v000001f6d0b62f80_838, v000001f6d0b62f80_839;
v000001f6d0b62f80_840 .array/port v000001f6d0b62f80, 840;
v000001f6d0b62f80_841 .array/port v000001f6d0b62f80, 841;
v000001f6d0b62f80_842 .array/port v000001f6d0b62f80, 842;
v000001f6d0b62f80_843 .array/port v000001f6d0b62f80, 843;
E_000001f6d0ab6090/211 .event anyedge, v000001f6d0b62f80_840, v000001f6d0b62f80_841, v000001f6d0b62f80_842, v000001f6d0b62f80_843;
v000001f6d0b62f80_844 .array/port v000001f6d0b62f80, 844;
v000001f6d0b62f80_845 .array/port v000001f6d0b62f80, 845;
v000001f6d0b62f80_846 .array/port v000001f6d0b62f80, 846;
v000001f6d0b62f80_847 .array/port v000001f6d0b62f80, 847;
E_000001f6d0ab6090/212 .event anyedge, v000001f6d0b62f80_844, v000001f6d0b62f80_845, v000001f6d0b62f80_846, v000001f6d0b62f80_847;
v000001f6d0b62f80_848 .array/port v000001f6d0b62f80, 848;
v000001f6d0b62f80_849 .array/port v000001f6d0b62f80, 849;
v000001f6d0b62f80_850 .array/port v000001f6d0b62f80, 850;
v000001f6d0b62f80_851 .array/port v000001f6d0b62f80, 851;
E_000001f6d0ab6090/213 .event anyedge, v000001f6d0b62f80_848, v000001f6d0b62f80_849, v000001f6d0b62f80_850, v000001f6d0b62f80_851;
v000001f6d0b62f80_852 .array/port v000001f6d0b62f80, 852;
v000001f6d0b62f80_853 .array/port v000001f6d0b62f80, 853;
v000001f6d0b62f80_854 .array/port v000001f6d0b62f80, 854;
v000001f6d0b62f80_855 .array/port v000001f6d0b62f80, 855;
E_000001f6d0ab6090/214 .event anyedge, v000001f6d0b62f80_852, v000001f6d0b62f80_853, v000001f6d0b62f80_854, v000001f6d0b62f80_855;
v000001f6d0b62f80_856 .array/port v000001f6d0b62f80, 856;
v000001f6d0b62f80_857 .array/port v000001f6d0b62f80, 857;
v000001f6d0b62f80_858 .array/port v000001f6d0b62f80, 858;
v000001f6d0b62f80_859 .array/port v000001f6d0b62f80, 859;
E_000001f6d0ab6090/215 .event anyedge, v000001f6d0b62f80_856, v000001f6d0b62f80_857, v000001f6d0b62f80_858, v000001f6d0b62f80_859;
v000001f6d0b62f80_860 .array/port v000001f6d0b62f80, 860;
v000001f6d0b62f80_861 .array/port v000001f6d0b62f80, 861;
v000001f6d0b62f80_862 .array/port v000001f6d0b62f80, 862;
v000001f6d0b62f80_863 .array/port v000001f6d0b62f80, 863;
E_000001f6d0ab6090/216 .event anyedge, v000001f6d0b62f80_860, v000001f6d0b62f80_861, v000001f6d0b62f80_862, v000001f6d0b62f80_863;
v000001f6d0b62f80_864 .array/port v000001f6d0b62f80, 864;
v000001f6d0b62f80_865 .array/port v000001f6d0b62f80, 865;
v000001f6d0b62f80_866 .array/port v000001f6d0b62f80, 866;
v000001f6d0b62f80_867 .array/port v000001f6d0b62f80, 867;
E_000001f6d0ab6090/217 .event anyedge, v000001f6d0b62f80_864, v000001f6d0b62f80_865, v000001f6d0b62f80_866, v000001f6d0b62f80_867;
v000001f6d0b62f80_868 .array/port v000001f6d0b62f80, 868;
v000001f6d0b62f80_869 .array/port v000001f6d0b62f80, 869;
v000001f6d0b62f80_870 .array/port v000001f6d0b62f80, 870;
v000001f6d0b62f80_871 .array/port v000001f6d0b62f80, 871;
E_000001f6d0ab6090/218 .event anyedge, v000001f6d0b62f80_868, v000001f6d0b62f80_869, v000001f6d0b62f80_870, v000001f6d0b62f80_871;
v000001f6d0b62f80_872 .array/port v000001f6d0b62f80, 872;
v000001f6d0b62f80_873 .array/port v000001f6d0b62f80, 873;
v000001f6d0b62f80_874 .array/port v000001f6d0b62f80, 874;
v000001f6d0b62f80_875 .array/port v000001f6d0b62f80, 875;
E_000001f6d0ab6090/219 .event anyedge, v000001f6d0b62f80_872, v000001f6d0b62f80_873, v000001f6d0b62f80_874, v000001f6d0b62f80_875;
v000001f6d0b62f80_876 .array/port v000001f6d0b62f80, 876;
v000001f6d0b62f80_877 .array/port v000001f6d0b62f80, 877;
v000001f6d0b62f80_878 .array/port v000001f6d0b62f80, 878;
v000001f6d0b62f80_879 .array/port v000001f6d0b62f80, 879;
E_000001f6d0ab6090/220 .event anyedge, v000001f6d0b62f80_876, v000001f6d0b62f80_877, v000001f6d0b62f80_878, v000001f6d0b62f80_879;
v000001f6d0b62f80_880 .array/port v000001f6d0b62f80, 880;
v000001f6d0b62f80_881 .array/port v000001f6d0b62f80, 881;
v000001f6d0b62f80_882 .array/port v000001f6d0b62f80, 882;
v000001f6d0b62f80_883 .array/port v000001f6d0b62f80, 883;
E_000001f6d0ab6090/221 .event anyedge, v000001f6d0b62f80_880, v000001f6d0b62f80_881, v000001f6d0b62f80_882, v000001f6d0b62f80_883;
v000001f6d0b62f80_884 .array/port v000001f6d0b62f80, 884;
v000001f6d0b62f80_885 .array/port v000001f6d0b62f80, 885;
v000001f6d0b62f80_886 .array/port v000001f6d0b62f80, 886;
v000001f6d0b62f80_887 .array/port v000001f6d0b62f80, 887;
E_000001f6d0ab6090/222 .event anyedge, v000001f6d0b62f80_884, v000001f6d0b62f80_885, v000001f6d0b62f80_886, v000001f6d0b62f80_887;
v000001f6d0b62f80_888 .array/port v000001f6d0b62f80, 888;
v000001f6d0b62f80_889 .array/port v000001f6d0b62f80, 889;
v000001f6d0b62f80_890 .array/port v000001f6d0b62f80, 890;
v000001f6d0b62f80_891 .array/port v000001f6d0b62f80, 891;
E_000001f6d0ab6090/223 .event anyedge, v000001f6d0b62f80_888, v000001f6d0b62f80_889, v000001f6d0b62f80_890, v000001f6d0b62f80_891;
v000001f6d0b62f80_892 .array/port v000001f6d0b62f80, 892;
v000001f6d0b62f80_893 .array/port v000001f6d0b62f80, 893;
v000001f6d0b62f80_894 .array/port v000001f6d0b62f80, 894;
v000001f6d0b62f80_895 .array/port v000001f6d0b62f80, 895;
E_000001f6d0ab6090/224 .event anyedge, v000001f6d0b62f80_892, v000001f6d0b62f80_893, v000001f6d0b62f80_894, v000001f6d0b62f80_895;
v000001f6d0b62f80_896 .array/port v000001f6d0b62f80, 896;
v000001f6d0b62f80_897 .array/port v000001f6d0b62f80, 897;
v000001f6d0b62f80_898 .array/port v000001f6d0b62f80, 898;
v000001f6d0b62f80_899 .array/port v000001f6d0b62f80, 899;
E_000001f6d0ab6090/225 .event anyedge, v000001f6d0b62f80_896, v000001f6d0b62f80_897, v000001f6d0b62f80_898, v000001f6d0b62f80_899;
v000001f6d0b62f80_900 .array/port v000001f6d0b62f80, 900;
v000001f6d0b62f80_901 .array/port v000001f6d0b62f80, 901;
v000001f6d0b62f80_902 .array/port v000001f6d0b62f80, 902;
v000001f6d0b62f80_903 .array/port v000001f6d0b62f80, 903;
E_000001f6d0ab6090/226 .event anyedge, v000001f6d0b62f80_900, v000001f6d0b62f80_901, v000001f6d0b62f80_902, v000001f6d0b62f80_903;
v000001f6d0b62f80_904 .array/port v000001f6d0b62f80, 904;
v000001f6d0b62f80_905 .array/port v000001f6d0b62f80, 905;
v000001f6d0b62f80_906 .array/port v000001f6d0b62f80, 906;
v000001f6d0b62f80_907 .array/port v000001f6d0b62f80, 907;
E_000001f6d0ab6090/227 .event anyedge, v000001f6d0b62f80_904, v000001f6d0b62f80_905, v000001f6d0b62f80_906, v000001f6d0b62f80_907;
v000001f6d0b62f80_908 .array/port v000001f6d0b62f80, 908;
v000001f6d0b62f80_909 .array/port v000001f6d0b62f80, 909;
v000001f6d0b62f80_910 .array/port v000001f6d0b62f80, 910;
v000001f6d0b62f80_911 .array/port v000001f6d0b62f80, 911;
E_000001f6d0ab6090/228 .event anyedge, v000001f6d0b62f80_908, v000001f6d0b62f80_909, v000001f6d0b62f80_910, v000001f6d0b62f80_911;
v000001f6d0b62f80_912 .array/port v000001f6d0b62f80, 912;
v000001f6d0b62f80_913 .array/port v000001f6d0b62f80, 913;
v000001f6d0b62f80_914 .array/port v000001f6d0b62f80, 914;
v000001f6d0b62f80_915 .array/port v000001f6d0b62f80, 915;
E_000001f6d0ab6090/229 .event anyedge, v000001f6d0b62f80_912, v000001f6d0b62f80_913, v000001f6d0b62f80_914, v000001f6d0b62f80_915;
v000001f6d0b62f80_916 .array/port v000001f6d0b62f80, 916;
v000001f6d0b62f80_917 .array/port v000001f6d0b62f80, 917;
v000001f6d0b62f80_918 .array/port v000001f6d0b62f80, 918;
v000001f6d0b62f80_919 .array/port v000001f6d0b62f80, 919;
E_000001f6d0ab6090/230 .event anyedge, v000001f6d0b62f80_916, v000001f6d0b62f80_917, v000001f6d0b62f80_918, v000001f6d0b62f80_919;
v000001f6d0b62f80_920 .array/port v000001f6d0b62f80, 920;
v000001f6d0b62f80_921 .array/port v000001f6d0b62f80, 921;
v000001f6d0b62f80_922 .array/port v000001f6d0b62f80, 922;
v000001f6d0b62f80_923 .array/port v000001f6d0b62f80, 923;
E_000001f6d0ab6090/231 .event anyedge, v000001f6d0b62f80_920, v000001f6d0b62f80_921, v000001f6d0b62f80_922, v000001f6d0b62f80_923;
v000001f6d0b62f80_924 .array/port v000001f6d0b62f80, 924;
v000001f6d0b62f80_925 .array/port v000001f6d0b62f80, 925;
v000001f6d0b62f80_926 .array/port v000001f6d0b62f80, 926;
v000001f6d0b62f80_927 .array/port v000001f6d0b62f80, 927;
E_000001f6d0ab6090/232 .event anyedge, v000001f6d0b62f80_924, v000001f6d0b62f80_925, v000001f6d0b62f80_926, v000001f6d0b62f80_927;
v000001f6d0b62f80_928 .array/port v000001f6d0b62f80, 928;
v000001f6d0b62f80_929 .array/port v000001f6d0b62f80, 929;
v000001f6d0b62f80_930 .array/port v000001f6d0b62f80, 930;
v000001f6d0b62f80_931 .array/port v000001f6d0b62f80, 931;
E_000001f6d0ab6090/233 .event anyedge, v000001f6d0b62f80_928, v000001f6d0b62f80_929, v000001f6d0b62f80_930, v000001f6d0b62f80_931;
v000001f6d0b62f80_932 .array/port v000001f6d0b62f80, 932;
v000001f6d0b62f80_933 .array/port v000001f6d0b62f80, 933;
v000001f6d0b62f80_934 .array/port v000001f6d0b62f80, 934;
v000001f6d0b62f80_935 .array/port v000001f6d0b62f80, 935;
E_000001f6d0ab6090/234 .event anyedge, v000001f6d0b62f80_932, v000001f6d0b62f80_933, v000001f6d0b62f80_934, v000001f6d0b62f80_935;
v000001f6d0b62f80_936 .array/port v000001f6d0b62f80, 936;
v000001f6d0b62f80_937 .array/port v000001f6d0b62f80, 937;
v000001f6d0b62f80_938 .array/port v000001f6d0b62f80, 938;
v000001f6d0b62f80_939 .array/port v000001f6d0b62f80, 939;
E_000001f6d0ab6090/235 .event anyedge, v000001f6d0b62f80_936, v000001f6d0b62f80_937, v000001f6d0b62f80_938, v000001f6d0b62f80_939;
v000001f6d0b62f80_940 .array/port v000001f6d0b62f80, 940;
v000001f6d0b62f80_941 .array/port v000001f6d0b62f80, 941;
v000001f6d0b62f80_942 .array/port v000001f6d0b62f80, 942;
v000001f6d0b62f80_943 .array/port v000001f6d0b62f80, 943;
E_000001f6d0ab6090/236 .event anyedge, v000001f6d0b62f80_940, v000001f6d0b62f80_941, v000001f6d0b62f80_942, v000001f6d0b62f80_943;
v000001f6d0b62f80_944 .array/port v000001f6d0b62f80, 944;
v000001f6d0b62f80_945 .array/port v000001f6d0b62f80, 945;
v000001f6d0b62f80_946 .array/port v000001f6d0b62f80, 946;
v000001f6d0b62f80_947 .array/port v000001f6d0b62f80, 947;
E_000001f6d0ab6090/237 .event anyedge, v000001f6d0b62f80_944, v000001f6d0b62f80_945, v000001f6d0b62f80_946, v000001f6d0b62f80_947;
v000001f6d0b62f80_948 .array/port v000001f6d0b62f80, 948;
v000001f6d0b62f80_949 .array/port v000001f6d0b62f80, 949;
v000001f6d0b62f80_950 .array/port v000001f6d0b62f80, 950;
v000001f6d0b62f80_951 .array/port v000001f6d0b62f80, 951;
E_000001f6d0ab6090/238 .event anyedge, v000001f6d0b62f80_948, v000001f6d0b62f80_949, v000001f6d0b62f80_950, v000001f6d0b62f80_951;
v000001f6d0b62f80_952 .array/port v000001f6d0b62f80, 952;
v000001f6d0b62f80_953 .array/port v000001f6d0b62f80, 953;
v000001f6d0b62f80_954 .array/port v000001f6d0b62f80, 954;
v000001f6d0b62f80_955 .array/port v000001f6d0b62f80, 955;
E_000001f6d0ab6090/239 .event anyedge, v000001f6d0b62f80_952, v000001f6d0b62f80_953, v000001f6d0b62f80_954, v000001f6d0b62f80_955;
v000001f6d0b62f80_956 .array/port v000001f6d0b62f80, 956;
v000001f6d0b62f80_957 .array/port v000001f6d0b62f80, 957;
v000001f6d0b62f80_958 .array/port v000001f6d0b62f80, 958;
v000001f6d0b62f80_959 .array/port v000001f6d0b62f80, 959;
E_000001f6d0ab6090/240 .event anyedge, v000001f6d0b62f80_956, v000001f6d0b62f80_957, v000001f6d0b62f80_958, v000001f6d0b62f80_959;
v000001f6d0b62f80_960 .array/port v000001f6d0b62f80, 960;
v000001f6d0b62f80_961 .array/port v000001f6d0b62f80, 961;
v000001f6d0b62f80_962 .array/port v000001f6d0b62f80, 962;
v000001f6d0b62f80_963 .array/port v000001f6d0b62f80, 963;
E_000001f6d0ab6090/241 .event anyedge, v000001f6d0b62f80_960, v000001f6d0b62f80_961, v000001f6d0b62f80_962, v000001f6d0b62f80_963;
v000001f6d0b62f80_964 .array/port v000001f6d0b62f80, 964;
v000001f6d0b62f80_965 .array/port v000001f6d0b62f80, 965;
v000001f6d0b62f80_966 .array/port v000001f6d0b62f80, 966;
v000001f6d0b62f80_967 .array/port v000001f6d0b62f80, 967;
E_000001f6d0ab6090/242 .event anyedge, v000001f6d0b62f80_964, v000001f6d0b62f80_965, v000001f6d0b62f80_966, v000001f6d0b62f80_967;
v000001f6d0b62f80_968 .array/port v000001f6d0b62f80, 968;
v000001f6d0b62f80_969 .array/port v000001f6d0b62f80, 969;
v000001f6d0b62f80_970 .array/port v000001f6d0b62f80, 970;
v000001f6d0b62f80_971 .array/port v000001f6d0b62f80, 971;
E_000001f6d0ab6090/243 .event anyedge, v000001f6d0b62f80_968, v000001f6d0b62f80_969, v000001f6d0b62f80_970, v000001f6d0b62f80_971;
v000001f6d0b62f80_972 .array/port v000001f6d0b62f80, 972;
v000001f6d0b62f80_973 .array/port v000001f6d0b62f80, 973;
v000001f6d0b62f80_974 .array/port v000001f6d0b62f80, 974;
v000001f6d0b62f80_975 .array/port v000001f6d0b62f80, 975;
E_000001f6d0ab6090/244 .event anyedge, v000001f6d0b62f80_972, v000001f6d0b62f80_973, v000001f6d0b62f80_974, v000001f6d0b62f80_975;
v000001f6d0b62f80_976 .array/port v000001f6d0b62f80, 976;
v000001f6d0b62f80_977 .array/port v000001f6d0b62f80, 977;
v000001f6d0b62f80_978 .array/port v000001f6d0b62f80, 978;
v000001f6d0b62f80_979 .array/port v000001f6d0b62f80, 979;
E_000001f6d0ab6090/245 .event anyedge, v000001f6d0b62f80_976, v000001f6d0b62f80_977, v000001f6d0b62f80_978, v000001f6d0b62f80_979;
v000001f6d0b62f80_980 .array/port v000001f6d0b62f80, 980;
v000001f6d0b62f80_981 .array/port v000001f6d0b62f80, 981;
v000001f6d0b62f80_982 .array/port v000001f6d0b62f80, 982;
v000001f6d0b62f80_983 .array/port v000001f6d0b62f80, 983;
E_000001f6d0ab6090/246 .event anyedge, v000001f6d0b62f80_980, v000001f6d0b62f80_981, v000001f6d0b62f80_982, v000001f6d0b62f80_983;
v000001f6d0b62f80_984 .array/port v000001f6d0b62f80, 984;
v000001f6d0b62f80_985 .array/port v000001f6d0b62f80, 985;
v000001f6d0b62f80_986 .array/port v000001f6d0b62f80, 986;
v000001f6d0b62f80_987 .array/port v000001f6d0b62f80, 987;
E_000001f6d0ab6090/247 .event anyedge, v000001f6d0b62f80_984, v000001f6d0b62f80_985, v000001f6d0b62f80_986, v000001f6d0b62f80_987;
v000001f6d0b62f80_988 .array/port v000001f6d0b62f80, 988;
v000001f6d0b62f80_989 .array/port v000001f6d0b62f80, 989;
v000001f6d0b62f80_990 .array/port v000001f6d0b62f80, 990;
v000001f6d0b62f80_991 .array/port v000001f6d0b62f80, 991;
E_000001f6d0ab6090/248 .event anyedge, v000001f6d0b62f80_988, v000001f6d0b62f80_989, v000001f6d0b62f80_990, v000001f6d0b62f80_991;
v000001f6d0b62f80_992 .array/port v000001f6d0b62f80, 992;
v000001f6d0b62f80_993 .array/port v000001f6d0b62f80, 993;
v000001f6d0b62f80_994 .array/port v000001f6d0b62f80, 994;
v000001f6d0b62f80_995 .array/port v000001f6d0b62f80, 995;
E_000001f6d0ab6090/249 .event anyedge, v000001f6d0b62f80_992, v000001f6d0b62f80_993, v000001f6d0b62f80_994, v000001f6d0b62f80_995;
v000001f6d0b62f80_996 .array/port v000001f6d0b62f80, 996;
v000001f6d0b62f80_997 .array/port v000001f6d0b62f80, 997;
v000001f6d0b62f80_998 .array/port v000001f6d0b62f80, 998;
v000001f6d0b62f80_999 .array/port v000001f6d0b62f80, 999;
E_000001f6d0ab6090/250 .event anyedge, v000001f6d0b62f80_996, v000001f6d0b62f80_997, v000001f6d0b62f80_998, v000001f6d0b62f80_999;
v000001f6d0b62f80_1000 .array/port v000001f6d0b62f80, 1000;
v000001f6d0b62f80_1001 .array/port v000001f6d0b62f80, 1001;
v000001f6d0b62f80_1002 .array/port v000001f6d0b62f80, 1002;
v000001f6d0b62f80_1003 .array/port v000001f6d0b62f80, 1003;
E_000001f6d0ab6090/251 .event anyedge, v000001f6d0b62f80_1000, v000001f6d0b62f80_1001, v000001f6d0b62f80_1002, v000001f6d0b62f80_1003;
v000001f6d0b62f80_1004 .array/port v000001f6d0b62f80, 1004;
v000001f6d0b62f80_1005 .array/port v000001f6d0b62f80, 1005;
v000001f6d0b62f80_1006 .array/port v000001f6d0b62f80, 1006;
v000001f6d0b62f80_1007 .array/port v000001f6d0b62f80, 1007;
E_000001f6d0ab6090/252 .event anyedge, v000001f6d0b62f80_1004, v000001f6d0b62f80_1005, v000001f6d0b62f80_1006, v000001f6d0b62f80_1007;
v000001f6d0b62f80_1008 .array/port v000001f6d0b62f80, 1008;
v000001f6d0b62f80_1009 .array/port v000001f6d0b62f80, 1009;
v000001f6d0b62f80_1010 .array/port v000001f6d0b62f80, 1010;
v000001f6d0b62f80_1011 .array/port v000001f6d0b62f80, 1011;
E_000001f6d0ab6090/253 .event anyedge, v000001f6d0b62f80_1008, v000001f6d0b62f80_1009, v000001f6d0b62f80_1010, v000001f6d0b62f80_1011;
v000001f6d0b62f80_1012 .array/port v000001f6d0b62f80, 1012;
v000001f6d0b62f80_1013 .array/port v000001f6d0b62f80, 1013;
v000001f6d0b62f80_1014 .array/port v000001f6d0b62f80, 1014;
v000001f6d0b62f80_1015 .array/port v000001f6d0b62f80, 1015;
E_000001f6d0ab6090/254 .event anyedge, v000001f6d0b62f80_1012, v000001f6d0b62f80_1013, v000001f6d0b62f80_1014, v000001f6d0b62f80_1015;
v000001f6d0b62f80_1016 .array/port v000001f6d0b62f80, 1016;
v000001f6d0b62f80_1017 .array/port v000001f6d0b62f80, 1017;
v000001f6d0b62f80_1018 .array/port v000001f6d0b62f80, 1018;
v000001f6d0b62f80_1019 .array/port v000001f6d0b62f80, 1019;
E_000001f6d0ab6090/255 .event anyedge, v000001f6d0b62f80_1016, v000001f6d0b62f80_1017, v000001f6d0b62f80_1018, v000001f6d0b62f80_1019;
v000001f6d0b62f80_1020 .array/port v000001f6d0b62f80, 1020;
v000001f6d0b62f80_1021 .array/port v000001f6d0b62f80, 1021;
v000001f6d0b62f80_1022 .array/port v000001f6d0b62f80, 1022;
v000001f6d0b62f80_1023 .array/port v000001f6d0b62f80, 1023;
E_000001f6d0ab6090/256 .event anyedge, v000001f6d0b62f80_1020, v000001f6d0b62f80_1021, v000001f6d0b62f80_1022, v000001f6d0b62f80_1023;
E_000001f6d0ab6090 .event/or E_000001f6d0ab6090/0, E_000001f6d0ab6090/1, E_000001f6d0ab6090/2, E_000001f6d0ab6090/3, E_000001f6d0ab6090/4, E_000001f6d0ab6090/5, E_000001f6d0ab6090/6, E_000001f6d0ab6090/7, E_000001f6d0ab6090/8, E_000001f6d0ab6090/9, E_000001f6d0ab6090/10, E_000001f6d0ab6090/11, E_000001f6d0ab6090/12, E_000001f6d0ab6090/13, E_000001f6d0ab6090/14, E_000001f6d0ab6090/15, E_000001f6d0ab6090/16, E_000001f6d0ab6090/17, E_000001f6d0ab6090/18, E_000001f6d0ab6090/19, E_000001f6d0ab6090/20, E_000001f6d0ab6090/21, E_000001f6d0ab6090/22, E_000001f6d0ab6090/23, E_000001f6d0ab6090/24, E_000001f6d0ab6090/25, E_000001f6d0ab6090/26, E_000001f6d0ab6090/27, E_000001f6d0ab6090/28, E_000001f6d0ab6090/29, E_000001f6d0ab6090/30, E_000001f6d0ab6090/31, E_000001f6d0ab6090/32, E_000001f6d0ab6090/33, E_000001f6d0ab6090/34, E_000001f6d0ab6090/35, E_000001f6d0ab6090/36, E_000001f6d0ab6090/37, E_000001f6d0ab6090/38, E_000001f6d0ab6090/39, E_000001f6d0ab6090/40, E_000001f6d0ab6090/41, E_000001f6d0ab6090/42, E_000001f6d0ab6090/43, E_000001f6d0ab6090/44, E_000001f6d0ab6090/45, E_000001f6d0ab6090/46, E_000001f6d0ab6090/47, E_000001f6d0ab6090/48, E_000001f6d0ab6090/49, E_000001f6d0ab6090/50, E_000001f6d0ab6090/51, E_000001f6d0ab6090/52, E_000001f6d0ab6090/53, E_000001f6d0ab6090/54, E_000001f6d0ab6090/55, E_000001f6d0ab6090/56, E_000001f6d0ab6090/57, E_000001f6d0ab6090/58, E_000001f6d0ab6090/59, E_000001f6d0ab6090/60, E_000001f6d0ab6090/61, E_000001f6d0ab6090/62, E_000001f6d0ab6090/63, E_000001f6d0ab6090/64, E_000001f6d0ab6090/65, E_000001f6d0ab6090/66, E_000001f6d0ab6090/67, E_000001f6d0ab6090/68, E_000001f6d0ab6090/69, E_000001f6d0ab6090/70, E_000001f6d0ab6090/71, E_000001f6d0ab6090/72, E_000001f6d0ab6090/73, E_000001f6d0ab6090/74, E_000001f6d0ab6090/75, E_000001f6d0ab6090/76, E_000001f6d0ab6090/77, E_000001f6d0ab6090/78, E_000001f6d0ab6090/79, E_000001f6d0ab6090/80, E_000001f6d0ab6090/81, E_000001f6d0ab6090/82, E_000001f6d0ab6090/83, E_000001f6d0ab6090/84, E_000001f6d0ab6090/85, E_000001f6d0ab6090/86, E_000001f6d0ab6090/87, E_000001f6d0ab6090/88, E_000001f6d0ab6090/89, E_000001f6d0ab6090/90, E_000001f6d0ab6090/91, E_000001f6d0ab6090/92, E_000001f6d0ab6090/93, E_000001f6d0ab6090/94, E_000001f6d0ab6090/95, E_000001f6d0ab6090/96, E_000001f6d0ab6090/97, E_000001f6d0ab6090/98, E_000001f6d0ab6090/99, E_000001f6d0ab6090/100, E_000001f6d0ab6090/101, E_000001f6d0ab6090/102, E_000001f6d0ab6090/103, E_000001f6d0ab6090/104, E_000001f6d0ab6090/105, E_000001f6d0ab6090/106, E_000001f6d0ab6090/107, E_000001f6d0ab6090/108, E_000001f6d0ab6090/109, E_000001f6d0ab6090/110, E_000001f6d0ab6090/111, E_000001f6d0ab6090/112, E_000001f6d0ab6090/113, E_000001f6d0ab6090/114, E_000001f6d0ab6090/115, E_000001f6d0ab6090/116, E_000001f6d0ab6090/117, E_000001f6d0ab6090/118, E_000001f6d0ab6090/119, E_000001f6d0ab6090/120, E_000001f6d0ab6090/121, E_000001f6d0ab6090/122, E_000001f6d0ab6090/123, E_000001f6d0ab6090/124, E_000001f6d0ab6090/125, E_000001f6d0ab6090/126, E_000001f6d0ab6090/127, E_000001f6d0ab6090/128, E_000001f6d0ab6090/129, E_000001f6d0ab6090/130, E_000001f6d0ab6090/131, E_000001f6d0ab6090/132, E_000001f6d0ab6090/133, E_000001f6d0ab6090/134, E_000001f6d0ab6090/135, E_000001f6d0ab6090/136, E_000001f6d0ab6090/137, E_000001f6d0ab6090/138, E_000001f6d0ab6090/139, E_000001f6d0ab6090/140, E_000001f6d0ab6090/141, E_000001f6d0ab6090/142, E_000001f6d0ab6090/143, E_000001f6d0ab6090/144, E_000001f6d0ab6090/145, E_000001f6d0ab6090/146, E_000001f6d0ab6090/147, E_000001f6d0ab6090/148, E_000001f6d0ab6090/149, E_000001f6d0ab6090/150, E_000001f6d0ab6090/151, E_000001f6d0ab6090/152, E_000001f6d0ab6090/153, E_000001f6d0ab6090/154, E_000001f6d0ab6090/155, E_000001f6d0ab6090/156, E_000001f6d0ab6090/157, E_000001f6d0ab6090/158, E_000001f6d0ab6090/159, E_000001f6d0ab6090/160, E_000001f6d0ab6090/161, E_000001f6d0ab6090/162, E_000001f6d0ab6090/163, E_000001f6d0ab6090/164, E_000001f6d0ab6090/165, E_000001f6d0ab6090/166, E_000001f6d0ab6090/167, E_000001f6d0ab6090/168, E_000001f6d0ab6090/169, E_000001f6d0ab6090/170, E_000001f6d0ab6090/171, E_000001f6d0ab6090/172, E_000001f6d0ab6090/173, E_000001f6d0ab6090/174, E_000001f6d0ab6090/175, E_000001f6d0ab6090/176, E_000001f6d0ab6090/177, E_000001f6d0ab6090/178, E_000001f6d0ab6090/179, E_000001f6d0ab6090/180, E_000001f6d0ab6090/181, E_000001f6d0ab6090/182, E_000001f6d0ab6090/183, E_000001f6d0ab6090/184, E_000001f6d0ab6090/185, E_000001f6d0ab6090/186, E_000001f6d0ab6090/187, E_000001f6d0ab6090/188, E_000001f6d0ab6090/189, E_000001f6d0ab6090/190, E_000001f6d0ab6090/191, E_000001f6d0ab6090/192, E_000001f6d0ab6090/193, E_000001f6d0ab6090/194, E_000001f6d0ab6090/195, E_000001f6d0ab6090/196, E_000001f6d0ab6090/197, E_000001f6d0ab6090/198, E_000001f6d0ab6090/199, E_000001f6d0ab6090/200, E_000001f6d0ab6090/201, E_000001f6d0ab6090/202, E_000001f6d0ab6090/203, E_000001f6d0ab6090/204, E_000001f6d0ab6090/205, E_000001f6d0ab6090/206, E_000001f6d0ab6090/207, E_000001f6d0ab6090/208, E_000001f6d0ab6090/209, E_000001f6d0ab6090/210, E_000001f6d0ab6090/211, E_000001f6d0ab6090/212, E_000001f6d0ab6090/213, E_000001f6d0ab6090/214, E_000001f6d0ab6090/215, E_000001f6d0ab6090/216, E_000001f6d0ab6090/217, E_000001f6d0ab6090/218, E_000001f6d0ab6090/219, E_000001f6d0ab6090/220, E_000001f6d0ab6090/221, E_000001f6d0ab6090/222, E_000001f6d0ab6090/223, E_000001f6d0ab6090/224, E_000001f6d0ab6090/225, E_000001f6d0ab6090/226, E_000001f6d0ab6090/227, E_000001f6d0ab6090/228, E_000001f6d0ab6090/229, E_000001f6d0ab6090/230, E_000001f6d0ab6090/231, E_000001f6d0ab6090/232, E_000001f6d0ab6090/233, E_000001f6d0ab6090/234, E_000001f6d0ab6090/235, E_000001f6d0ab6090/236, E_000001f6d0ab6090/237, E_000001f6d0ab6090/238, E_000001f6d0ab6090/239, E_000001f6d0ab6090/240, E_000001f6d0ab6090/241, E_000001f6d0ab6090/242, E_000001f6d0ab6090/243, E_000001f6d0ab6090/244, E_000001f6d0ab6090/245, E_000001f6d0ab6090/246, E_000001f6d0ab6090/247, E_000001f6d0ab6090/248, E_000001f6d0ab6090/249, E_000001f6d0ab6090/250, E_000001f6d0ab6090/251, E_000001f6d0ab6090/252, E_000001f6d0ab6090/253, E_000001f6d0ab6090/254, E_000001f6d0ab6090/255, E_000001f6d0ab6090/256;
L_000001f6d0bcba60 .part v000001f6d0b16c60_0, 106, 1;
L_000001f6d0bcb560 .part v000001f6d0b16c60_0, 107, 1;
L_000001f6d0bccc80 .part v000001f6d0b16c60_0, 96, 3;
L_000001f6d0bcc1e0 .part v000001f6d0b16c60_0, 64, 32;
L_000001f6d0bccdc0 .part v000001f6d0b16c60_0, 109, 32;
L_000001f6d0bcbd80 .part v000001f6d0b16c60_0, 108, 1;
L_000001f6d0bcb240 .part v000001f6d0b16c60_0, 104, 2;
L_000001f6d0bcb2e0 .part v000001f6d0b16c60_0, 99, 5;
L_000001f6d0bcc280 .part v000001f6d0b16c60_0, 32, 32;
LS_000001f6d0bcc3c0_0_0 .concat8 [ 32 32 32 5], L_000001f6d0bcbba0, L_000001f6d0bcc280, v000001f6d0b63de0_0, L_000001f6d0bcb2e0;
LS_000001f6d0bcc3c0_0_4 .concat8 [ 2 1 32 0], L_000001f6d0bcb240, L_000001f6d0bcbd80, L_000001f6d0b18040;
L_000001f6d0bcc3c0 .concat8 [ 101 35 0 0], LS_000001f6d0bcc3c0_0_0, LS_000001f6d0bcc3c0_0_4;
L_000001f6d0bcbba0 .part v000001f6d0b16c60_0, 0, 32;
S_000001f6d0a52240 .scope module, "register_file_inst" "register_file" 5 33, 16 4 0, S_000001f6d0a951a0;
 .timescale 0 0;
    .port_info 0 /INPUT 1 "clk";
    .port_info 1 /INPUT 1 "rst";
    .port_info 2 /INPUT 5 "read_address1";
    .port_info 3 /OUTPUT 32 "read_data1";
    .port_info 4 /INPUT 5 "read_address2";
    .port_info 5 /OUTPUT 32 "read_data2";
    .port_info 6 /INPUT 5 "write_address";
    .port_info 7 /INPUT 32 "write_data";
    .port_info 8 /INPUT 1 "write_enable";
L_000001f6d0a97670 .functor BUFZ 32, L_000001f6d0b71b70, C4<00000000000000000000000000000000>, C4<00000000000000000000000000000000>, C4<00000000000000000000000000000000>;
L_000001f6d0a97830 .functor BUFZ 32, L_000001f6d0b72610, C4<00000000000000000000000000000000>, C4<00000000000000000000000000000000>, C4<00000000000000000000000000000000>;
v000001f6d0b647e0_0 .net *"_ivl_0", 31 0, L_000001f6d0b71b70;  1 drivers
v000001f6d0b64100_0 .net *"_ivl_10", 6 0, L_000001f6d0b70f90;  1 drivers
L_000001f6d0b72fa0 .functor BUFT 1, C4<00>, C4<0>, C4<0>, C4<0>;
v000001f6d0b635c0_0 .net *"_ivl_13", 1 0, L_000001f6d0b72fa0;  1 drivers
v000001f6d0b641a0_0 .net *"_ivl_2", 6 0, L_000001f6d0b72cf0;  1 drivers
L_000001f6d0b72f58 .functor BUFT 1, C4<00>, C4<0>, C4<0>, C4<0>;
v000001f6d0b62da0_0 .net *"_ivl_5", 1 0, L_000001f6d0b72f58;  1 drivers
v000001f6d0b638e0_0 .net *"_ivl_8", 31 0, L_000001f6d0b72610;  1 drivers
v000001f6d0b64240_0 .net "clk", 0 0, v000001f6d0b72570_0;  alias, 1 drivers
v000001f6d0b63b60_0 .net "read_address1", 4 0, L_000001f6d0b72070;  1 drivers
v000001f6d0b63c00_0 .net "read_address2", 4 0, L_000001f6d0b72430;  1 drivers
v000001f6d0b64880_0 .net "read_data1", 31 0, L_000001f6d0a97670;  alias, 1 drivers
v000001f6d0b642e0_0 .net "read_data2", 31 0, L_000001f6d0a97830;  alias, 1 drivers
v000001f6d0b63d40 .array "reg_file", 31 0, 31 0;
v000001f6d0b64380_0 .net "rst", 0 0, v000001f6d0b71fd0_0;  alias, 1 drivers
v000001f6d0b644c0_0 .net "write_address", 4 0, L_000001f6d0bcb920;  alias, 1 drivers
v000001f6d0b630c0_0 .net "write_data", 31 0, L_000001f6d0b18270;  alias, 1 drivers
v000001f6d0b64a60_0 .net "write_enable", 0 0, L_000001f6d0bcc460;  alias, 1 drivers
L_000001f6d0b71b70 .array/port v000001f6d0b63d40, L_000001f6d0b72cf0;
L_000001f6d0b72cf0 .concat [ 5 2 0 0], L_000001f6d0b72070, L_000001f6d0b72f58;
L_000001f6d0b72610 .array/port v000001f6d0b63d40, L_000001f6d0b70f90;
L_000001f6d0b70f90 .concat [ 5 2 0 0], L_000001f6d0b72430, L_000001f6d0b72fa0;
S_000001f6d0a523d0 .scope begin, "$ivl_for_loop0" "$ivl_for_loop0" 16 25, 16 25 0, S_000001f6d0a52240;
 .timescale 0 0;
v000001f6d0b63ca0_0 .var/2s "i", 31 0;
S_000001f6d0a68a50 .scope module, "writeback_stage_inst" "writeback_stage" 5 101, 17 1 0, S_000001f6d0a951a0;
 .timescale 0 0;
    .port_info 0 /INPUT 136 "wb_in";
    .port_info 1 /OUTPUT 5 "write_address";
    .port_info 2 /OUTPUT 32 "write_data";
    .port_info 3 /OUTPUT 1 "write_enable";
L_000001f6d0b18270 .functor BUFZ 32, v000001f6d0b64c40_0, C4<00000000000000000000000000000000>, C4<00000000000000000000000000000000>, C4<00000000000000000000000000000000>;
v000001f6d0b633e0_0 .net "PC_plus_4", 31 0, L_000001f6d0bcb880;  1 drivers
v000001f6d0b64560_0 .net "alu_result", 31 0, L_000001f6d0bccaa0;  1 drivers
v000001f6d0b64600_0 .net "imm", 31 0, L_000001f6d0bcc500;  1 drivers
v000001f6d0b646a0_0 .net "ram_out", 31 0, L_000001f6d0bccb40;  1 drivers
v000001f6d0b63520_0 .net "result_src", 1 0, L_000001f6d0bcbc40;  1 drivers
v000001f6d0b64920_0 .net "wb_in", 135 0, v000001f6d0b63160_0;  alias, 1 drivers
v000001f6d0b64ba0_0 .net "write_address", 4 0, L_000001f6d0bcb920;  alias, 1 drivers
v000001f6d0b62e40_0 .net "write_data", 31 0, L_000001f6d0b18270;  alias, 1 drivers
v000001f6d0b64c40_0 .var "write_data_internal", 31 0;
v000001f6d0b63020_0 .net "write_enable", 0 0, L_000001f6d0bcc460;  alias, 1 drivers
E_000001f6d0ab6850/0 .event anyedge, v000001f6d0b63520_0, v000001f6d0b64560_0, v000001f6d0b646a0_0, v000001f6d0b633e0_0;
E_000001f6d0ab6850/1 .event anyedge, v000001f6d0b64600_0;
E_000001f6d0ab6850 .event/or E_000001f6d0ab6850/0, E_000001f6d0ab6850/1;
L_000001f6d0bcb880 .part v000001f6d0b63160_0, 0, 32;
L_000001f6d0bcbc40 .part v000001f6d0b63160_0, 101, 2;
L_000001f6d0bccaa0 .part v000001f6d0b63160_0, 104, 32;
L_000001f6d0bccb40 .part v000001f6d0b63160_0, 64, 32;
L_000001f6d0bcc460 .part v000001f6d0b63160_0, 103, 1;
L_000001f6d0bcc500 .part v000001f6d0b63160_0, 32, 32;
L_000001f6d0bcb920 .part v000001f6d0b63160_0, 96, 5;
    .scope S_000001f6d0a52240;
T_0 ;
    %wait E_000001f6d0ab5ad0;
    %load/vec4 v000001f6d0b64380_0;
    %flag_set/vec4 8;
    %jmp/0xz  T_0.0, 8;
    %fork t_1, S_000001f6d0a523d0;
    %jmp t_0;
    .scope S_000001f6d0a523d0;
t_1 ;
    %pushi/vec4 0, 0, 32;
    %store/vec4 v000001f6d0b63ca0_0, 0, 32;
T_0.2 ;
    %load/vec4 v000001f6d0b63ca0_0;
    %cmpi/s 31, 0, 32;
    %flag_or 5, 4;
    %jmp/0xz T_0.3, 5;
    %pushi/vec4 0, 0, 32;
    %ix/getv/s 3, v000001f6d0b63ca0_0;
    %ix/load 4, 0, 0; Constant delay
    %assign/vec4/a/d v000001f6d0b63d40, 0, 4;
    ; show_stmt_assign_vector: Get l-value for compressed += operand
    %load/vec4 v000001f6d0b63ca0_0;
    %pushi/vec4 1, 0, 32;
    %add;
    %cast2;
    %store/vec4 v000001f6d0b63ca0_0, 0, 32;
    %jmp T_0.2;
T_0.3 ;
    %end;
    .scope S_000001f6d0a52240;
t_0 %join;
    %jmp T_0.1;
T_0.0 ;
    %load/vec4 v000001f6d0b64a60_0;
    %flag_set/vec4 9;
    %flag_get/vec4 9;
    %jmp/0 T_0.6, 9;
    %load/vec4 v000001f6d0b644c0_0;
    %pushi/vec4 0, 0, 5;
    %cmp/ne;
    %flag_get/vec4 4;
    %and;
T_0.6;
    %flag_set/vec4 8;
    %jmp/0xz  T_0.4, 8;
    %load/vec4 v000001f6d0b630c0_0;
    %load/vec4 v000001f6d0b644c0_0;
    %pad/u 7;
    %ix/vec4 3;
    %ix/load 4, 0, 0; Constant delay
    %assign/vec4/a/d v000001f6d0b63d40, 0, 4;
T_0.4 ;
T_0.1 ;
    %jmp T_0;
    .thread T_0;
    .scope S_000001f6d0a56e10;
T_1 ;
    %wait E_000001f6d0ab5ad0;
    %load/vec4 v000001f6d0b62690_0;
    %flag_set/vec4 8;
    %jmp/0xz  T_1.0, 8;
    %pushi/vec4 0, 0, 32;
    %assign/vec4 v000001f6d0b627d0_0, 0;
    %jmp T_1.1;
T_1.0 ;
    %load/vec4 v000001f6d0b627d0_0;
    %assign/vec4 v000001f6d0b622d0_0, 0;
T_1.1 ;
    %jmp T_1;
    .thread T_1;
    .scope S_000001f6d0a56e10;
T_2 ;
Ewait_0 .event/or E_000001f6d0ab5e50, E_0x0;
    %wait Ewait_0;
    %load/vec4 v000001f6d0b61470_0;
    %dup/vec4;
    %pushi/vec4 0, 0, 1;
    %cmp/u;
    %jmp/1 T_2.0, 6;
    %dup/vec4;
    %pushi/vec4 1, 0, 1;
    %cmp/u;
    %jmp/1 T_2.1, 6;
    %jmp T_2.2;
T_2.0 ;
    %load/vec4 v000001f6d0b61ab0_0;
    %store/vec4 v000001f6d0b60e30_0, 0, 32;
    %jmp T_2.2;
T_2.1 ;
    %load/vec4 v000001f6d0b620f0_0;
    %store/vec4 v000001f6d0b60e30_0, 0, 32;
    %jmp T_2.2;
T_2.2 ;
    %pop/vec4 1;
    %jmp T_2;
    .thread T_2, $push;
    .scope S_000001f6d0a66540;
T_3 ;
    %wait E_000001f6d0ab5ad0;
    %load/vec4 v000001f6d0b63700_0;
    %flag_set/vec4 8;
    %jmp/0xz  T_3.0, 8;
    %pushi/vec4 0, 0, 32;
    %assign/vec4 v000001f6d0b61650_0, 0;
    %pushi/vec4 0, 0, 32;
    %assign/vec4 v000001f6d0b61a10_0, 0;
    %pushi/vec4 0, 0, 32;
    %assign/vec4 v000001f6d0b61fb0_0, 0;
    %jmp T_3.1;
T_3.0 ;
    %load/vec4 v000001f6d0b611f0_0;
    %assign/vec4 v000001f6d0b61650_0, 0;
    %load/vec4 v000001f6d0b61790_0;
    %assign/vec4 v000001f6d0b61a10_0, 0;
    %load/vec4 v000001f6d0b61dd0_0;
    %assign/vec4 v000001f6d0b61fb0_0, 0;
T_3.1 ;
    %jmp T_3;
    .thread T_3;
    .scope S_000001f6d0a83840;
T_4 ;
Ewait_1 .event/or E_000001f6d0ab55d0, E_0x0;
    %wait Ewait_1;
    %pushi/vec4 0, 0, 32;
    %store/vec4 v000001f6d0aa4600_0, 0, 32;
    %load/vec4 v000001f6d0aa4060_0;
    %cmpi/e 51, 0, 7;
    %jmp/0xz  T_4.0, 4;
    %load/vec4 v000001f6d0aa4380_0;
    %parti/s 7, 25, 6;
    %store/vec4 v000001f6d0aa47e0_0, 0, 7;
    %load/vec4 v000001f6d0aa4380_0;
    %parti/s 5, 7, 4;
    %store/vec4 v000001f6d0aa4420_0, 0, 5;
    %load/vec4 v000001f6d0aa4380_0;
    %parti/s 5, 20, 6;
    %store/vec4 v000001f6d0aa41a0_0, 0, 5;
    %jmp T_4.1;
T_4.0 ;
    %load/vec4 v000001f6d0aa4060_0;
    %cmpi/e 19, 0, 7;
    %jmp/1 T_4.5, 4;
    %flag_mov 8, 4;
    %load/vec4 v000001f6d0aa4060_0;
    %cmpi/e 3, 0, 7;
    %flag_or 4, 8;
T_4.5;
    %jmp/1 T_4.4, 4;
    %flag_mov 8, 4;
    %load/vec4 v000001f6d0aa4060_0;
    %cmpi/e 103, 0, 7;
    %flag_or 4, 8;
T_4.4;
    %jmp/0xz  T_4.2, 4;
    %load/vec4 v000001f6d0aa4380_0;
    %parti/s 12, 20, 6;
    %ix/load 4, 0, 0;
    %flag_set/imm 4, 0;
    %store/vec4 v000001f6d0aa4600_0, 4, 12;
    %load/vec4 v000001f6d0aa4600_0;
    %parti/s 1, 11, 5;
    %replicate 20;
    %ix/load 4, 12, 0;
    %flag_set/imm 4, 0;
    %store/vec4 v000001f6d0aa4600_0, 4, 20;
    %load/vec4 v000001f6d0aa4380_0;
    %parti/s 5, 7, 4;
    %store/vec4 v000001f6d0aa4420_0, 0, 5;
    %jmp T_4.3;
T_4.2 ;
    %load/vec4 v000001f6d0aa4060_0;
    %cmpi/e 35, 0, 7;
    %jmp/0xz  T_4.6, 4;
    %load/vec4 v000001f6d0aa4380_0;
    %parti/s 5, 7, 4;
    %ix/load 4, 0, 0;
    %flag_set/imm 4, 0;
    %store/vec4 v000001f6d0aa4600_0, 4, 5;
    %load/vec4 v000001f6d0aa4380_0;
    %parti/s 7, 25, 6;
    %ix/load 4, 5, 0;
    %flag_set/imm 4, 0;
    %store/vec4 v000001f6d0aa4600_0, 4, 7;
    %load/vec4 v000001f6d0aa4600_0;
    %parti/s 1, 11, 5;
    %replicate 20;
    %ix/load 4, 12, 0;
    %flag_set/imm 4, 0;
    %store/vec4 v000001f6d0aa4600_0, 4, 20;
    %load/vec4 v000001f6d0aa4380_0;
    %parti/s 5, 20, 6;
    %store/vec4 v000001f6d0aa41a0_0, 0, 5;
    %jmp T_4.7;
T_4.6 ;
    %load/vec4 v000001f6d0aa4060_0;
    %cmpi/e 99, 0, 7;
    %jmp/0xz  T_4.8, 4;
    %load/vec4 v000001f6d0aa4380_0;
    %parti/s 1, 7, 4;
    %ix/load 4, 11, 0;
    %flag_set/imm 4, 0;
    %store/vec4 v000001f6d0aa4600_0, 4, 1;
    %load/vec4 v000001f6d0aa4380_0;
    %parti/s 4, 8, 5;
    %ix/load 4, 1, 0;
    %flag_set/imm 4, 0;
    %store/vec4 v000001f6d0aa4600_0, 4, 4;
    %load/vec4 v000001f6d0aa4380_0;
    %parti/s 6, 25, 6;
    %ix/load 4, 5, 0;
    %flag_set/imm 4, 0;
    %store/vec4 v000001f6d0aa4600_0, 4, 6;
    %load/vec4 v000001f6d0aa4380_0;
    %parti/s 1, 31, 6;
    %ix/load 4, 12, 0;
    %flag_set/imm 4, 0;
    %store/vec4 v000001f6d0aa4600_0, 4, 1;
    %load/vec4 v000001f6d0aa4600_0;
    %parti/s 1, 12, 5;
    %replicate 19;
    %ix/load 4, 13, 0;
    %flag_set/imm 4, 0;
    %store/vec4 v000001f6d0aa4600_0, 4, 19;
    %load/vec4 v000001f6d0aa4380_0;
    %parti/s 5, 20, 6;
    %store/vec4 v000001f6d0aa41a0_0, 0, 5;
    %jmp T_4.9;
T_4.8 ;
    %load/vec4 v000001f6d0aa4060_0;
    %cmpi/e 23, 0, 7;
    %jmp/1 T_4.12, 4;
    %flag_mov 8, 4;
    %load/vec4 v000001f6d0aa4060_0;
    %cmpi/e 55, 0, 7;
    %flag_or 4, 8;
T_4.12;
    %jmp/0xz  T_4.10, 4;
    %load/vec4 v000001f6d0aa4380_0;
    %parti/s 5, 7, 4;
    %store/vec4 v000001f6d0aa4420_0, 0, 5;
    %load/vec4 v000001f6d0aa4380_0;
    %parti/s 20, 12, 5;
    %concati/vec4 0, 0, 12;
    %store/vec4 v000001f6d0aa4600_0, 0, 32;
    %jmp T_4.11;
T_4.10 ;
    %load/vec4 v000001f6d0aa4060_0;
    %cmpi/e 111, 0, 7;
    %jmp/0xz  T_4.13, 4;
    %load/vec4 v000001f6d0aa4380_0;
    %parti/s 5, 7, 4;
    %store/vec4 v000001f6d0aa4420_0, 0, 5;
    %load/vec4 v000001f6d0aa4380_0;
    %parti/s 8, 12, 5;
    %ix/load 4, 12, 0;
    %flag_set/imm 4, 0;
    %store/vec4 v000001f6d0aa4600_0, 4, 8;
    %load/vec4 v000001f6d0aa4380_0;
    %parti/s 1, 20, 6;
    %ix/load 4, 11, 0;
    %flag_set/imm 4, 0;
    %store/vec4 v000001f6d0aa4600_0, 4, 1;
    %load/vec4 v000001f6d0aa4380_0;
    %parti/s 10, 21, 6;
    %ix/load 4, 1, 0;
    %flag_set/imm 4, 0;
    %store/vec4 v000001f6d0aa4600_0, 4, 10;
    %load/vec4 v000001f6d0aa4380_0;
    %parti/s 1, 31, 6;
    %ix/load 4, 20, 0;
    %flag_set/imm 4, 0;
    %store/vec4 v000001f6d0aa4600_0, 4, 1;
    %load/vec4 v000001f6d0aa4600_0;
    %parti/s 1, 20, 6;
    %replicate 11;
    %ix/load 4, 21, 0;
    %flag_set/imm 4, 0;
    %store/vec4 v000001f6d0aa4600_0, 4, 11;
T_4.13 ;
T_4.11 ;
T_4.9 ;
T_4.7 ;
T_4.3 ;
T_4.1 ;
    %jmp T_4;
    .thread T_4, $push;
    .scope S_000001f6d0a8b410;
T_5 ;
Ewait_2 .event/or E_000001f6d0ab4f10, E_0x0;
    %wait Ewait_2;
    %pushi/vec4 0, 0, 1;
    %store/vec4 v000001f6d0aa44c0_0, 0, 1;
    %pushi/vec4 0, 0, 1;
    %store/vec4 v000001f6d0aa3e80_0, 0, 1;
    %pushi/vec4 0, 0, 1;
    %store/vec4 v000001f6d0aa49c0_0, 0, 1;
    %pushi/vec4 0, 0, 1;
    %store/vec4 v000001f6d0ac49a0_0, 0, 1;
    %pushi/vec4 0, 0, 1;
    %store/vec4 v000001f6d0ac5620_0, 0, 1;
    %pushi/vec4 0, 0, 2;
    %store/vec4 v000001f6d0ac4040_0, 0, 2;
    %pushi/vec4 0, 0, 4;
    %store/vec4 v000001f6d0ac3f00_0, 0, 4;
    %pushi/vec4 0, 0, 2;
    %store/vec4 v000001f6d0aa3fc0_0, 0, 2;
    %pushi/vec4 0, 0, 1;
    %store/vec4 v000001f6d0ac3e60_0, 0, 1;
    %load/vec4 v000001f6d0aa3f20_0;
    %cmpi/e 51, 0, 7;
    %jmp/0xz  T_5.0, 4;
    %pushi/vec4 1, 0, 1;
    %store/vec4 v000001f6d0aa44c0_0, 0, 1;
    %pushi/vec4 0, 0, 2;
    %store/vec4 v000001f6d0ac4040_0, 0, 2;
    %pushi/vec4 0, 0, 1;
    %store/vec4 v000001f6d0aa49c0_0, 0, 1;
    %pushi/vec4 0, 0, 1;
    %store/vec4 v000001f6d0aa3e80_0, 0, 1;
    %pushi/vec4 0, 0, 1;
    %store/vec4 v000001f6d0ac5620_0, 0, 1;
    %pushi/vec4 0, 0, 1;
    %store/vec4 v000001f6d0ac49a0_0, 0, 1;
    %pushi/vec4 0, 0, 2;
    %store/vec4 v000001f6d0aa3fc0_0, 0, 2;
    %load/vec4 v000001f6d0ac42c0_0;
    %cmpi/e 0, 0, 3;
    %jmp/0xz  T_5.2, 4;
    %load/vec4 v000001f6d0ac4ae0_0;
    %cmpi/e 0, 0, 7;
    %jmp/0xz  T_5.4, 4;
    %pushi/vec4 0, 0, 4;
    %store/vec4 v000001f6d0ac3f00_0, 0, 4;
    %jmp T_5.5;
T_5.4 ;
    %load/vec4 v000001f6d0ac4ae0_0;
    %cmpi/e 32, 0, 7;
    %jmp/0xz  T_5.6, 4;
    %pushi/vec4 1, 0, 4;
    %store/vec4 v000001f6d0ac3f00_0, 0, 4;
T_5.6 ;
T_5.5 ;
    %jmp T_5.3;
T_5.2 ;
    %load/vec4 v000001f6d0ac42c0_0;
    %cmpi/e 1, 0, 3;
    %jmp/0xz  T_5.8, 4;
    %pushi/vec4 2, 0, 4;
    %store/vec4 v000001f6d0ac3f00_0, 0, 4;
    %jmp T_5.9;
T_5.8 ;
    %load/vec4 v000001f6d0ac42c0_0;
    %cmpi/e 2, 0, 3;
    %jmp/0xz  T_5.10, 4;
    %pushi/vec4 3, 0, 4;
    %store/vec4 v000001f6d0ac3f00_0, 0, 4;
    %jmp T_5.11;
T_5.10 ;
    %load/vec4 v000001f6d0ac42c0_0;
    %cmpi/e 3, 0, 3;
    %jmp/0xz  T_5.12, 4;
    %pushi/vec4 4, 0, 4;
    %store/vec4 v000001f6d0ac3f00_0, 0, 4;
    %jmp T_5.13;
T_5.12 ;
    %load/vec4 v000001f6d0ac42c0_0;
    %cmpi/e 4, 0, 3;
    %jmp/0xz  T_5.14, 4;
    %pushi/vec4 5, 0, 4;
    %store/vec4 v000001f6d0ac3f00_0, 0, 4;
    %jmp T_5.15;
T_5.14 ;
    %load/vec4 v000001f6d0ac42c0_0;
    %cmpi/e 5, 0, 3;
    %jmp/0xz  T_5.16, 4;
    %load/vec4 v000001f6d0ac4ae0_0;
    %cmpi/e 0, 0, 7;
    %jmp/0xz  T_5.18, 4;
    %pushi/vec4 6, 0, 4;
    %store/vec4 v000001f6d0ac3f00_0, 0, 4;
    %jmp T_5.19;
T_5.18 ;
    %load/vec4 v000001f6d0ac4ae0_0;
    %cmpi/e 32, 0, 7;
    %jmp/0xz  T_5.20, 4;
    %pushi/vec4 7, 0, 4;
    %store/vec4 v000001f6d0ac3f00_0, 0, 4;
T_5.20 ;
T_5.19 ;
    %jmp T_5.17;
T_5.16 ;
    %load/vec4 v000001f6d0ac42c0_0;
    %cmpi/e 6, 0, 3;
    %jmp/0xz  T_5.22, 4;
    %pushi/vec4 8, 0, 4;
    %store/vec4 v000001f6d0ac3f00_0, 0, 4;
    %jmp T_5.23;
T_5.22 ;
    %load/vec4 v000001f6d0ac42c0_0;
    %cmpi/e 7, 0, 3;
    %jmp/0xz  T_5.24, 4;
    %pushi/vec4 9, 0, 4;
    %store/vec4 v000001f6d0ac3f00_0, 0, 4;
T_5.24 ;
T_5.23 ;
T_5.17 ;
T_5.15 ;
T_5.13 ;
T_5.11 ;
T_5.9 ;
T_5.3 ;
    %jmp T_5.1;
T_5.0 ;
    %load/vec4 v000001f6d0aa3f20_0;
    %cmpi/e 3, 0, 7;
    %jmp/0xz  T_5.26, 4;
    %pushi/vec4 1, 0, 1;
    %store/vec4 v000001f6d0aa44c0_0, 0, 1;
    %pushi/vec4 1, 0, 2;
    %store/vec4 v000001f6d0ac4040_0, 0, 2;
    %pushi/vec4 1, 0, 1;
    %store/vec4 v000001f6d0aa49c0_0, 0, 1;
    %pushi/vec4 0, 0, 1;
    %store/vec4 v000001f6d0aa3e80_0, 0, 1;
    %pushi/vec4 0, 0, 1;
    %store/vec4 v000001f6d0ac5620_0, 0, 1;
    %pushi/vec4 0, 0, 1;
    %store/vec4 v000001f6d0ac49a0_0, 0, 1;
    %pushi/vec4 0, 0, 4;
    %store/vec4 v000001f6d0ac3f00_0, 0, 4;
    %pushi/vec4 1, 0, 2;
    %store/vec4 v000001f6d0aa3fc0_0, 0, 2;
    %jmp T_5.27;
T_5.26 ;
    %load/vec4 v000001f6d0aa3f20_0;
    %cmpi/e 19, 0, 7;
    %jmp/0xz  T_5.28, 4;
    %pushi/vec4 1, 0, 1;
    %store/vec4 v000001f6d0aa44c0_0, 0, 1;
    %pushi/vec4 1, 0, 2;
    %store/vec4 v000001f6d0ac4040_0, 0, 2;
    %pushi/vec4 0, 0, 1;
    %store/vec4 v000001f6d0aa49c0_0, 0, 1;
    %pushi/vec4 0, 0, 1;
    %store/vec4 v000001f6d0aa3e80_0, 0, 1;
    %pushi/vec4 0, 0, 1;
    %store/vec4 v000001f6d0ac5620_0, 0, 1;
    %pushi/vec4 0, 0, 1;
    %store/vec4 v000001f6d0ac49a0_0, 0, 1;
    %pushi/vec4 0, 0, 2;
    %store/vec4 v000001f6d0aa3fc0_0, 0, 2;
    %load/vec4 v000001f6d0ac42c0_0;
    %cmpi/e 0, 0, 3;
    %jmp/0xz  T_5.30, 4;
    %pushi/vec4 0, 0, 4;
    %store/vec4 v000001f6d0ac3f00_0, 0, 4;
    %jmp T_5.31;
T_5.30 ;
    %load/vec4 v000001f6d0ac42c0_0;
    %cmpi/e 1, 0, 3;
    %jmp/0xz  T_5.32, 4;
    %pushi/vec4 2, 0, 4;
    %store/vec4 v000001f6d0ac3f00_0, 0, 4;
    %jmp T_5.33;
T_5.32 ;
    %load/vec4 v000001f6d0ac42c0_0;
    %cmpi/e 2, 0, 3;
    %jmp/0xz  T_5.34, 4;
    %pushi/vec4 3, 0, 4;
    %store/vec4 v000001f6d0ac3f00_0, 0, 4;
    %jmp T_5.35;
T_5.34 ;
    %load/vec4 v000001f6d0ac42c0_0;
    %cmpi/e 3, 0, 3;
    %jmp/0xz  T_5.36, 4;
    %pushi/vec4 4, 0, 4;
    %store/vec4 v000001f6d0ac3f00_0, 0, 4;
    %jmp T_5.37;
T_5.36 ;
    %load/vec4 v000001f6d0ac42c0_0;
    %cmpi/e 4, 0, 3;
    %jmp/0xz  T_5.38, 4;
    %pushi/vec4 5, 0, 4;
    %store/vec4 v000001f6d0ac3f00_0, 0, 4;
    %jmp T_5.39;
T_5.38 ;
    %load/vec4 v000001f6d0ac42c0_0;
    %cmpi/e 5, 0, 3;
    %jmp/0xz  T_5.40, 4;
    %load/vec4 v000001f6d0ac4ae0_0;
    %cmpi/e 0, 0, 7;
    %jmp/0xz  T_5.42, 4;
    %pushi/vec4 6, 0, 4;
    %store/vec4 v000001f6d0ac3f00_0, 0, 4;
    %jmp T_5.43;
T_5.42 ;
    %load/vec4 v000001f6d0ac4ae0_0;
    %cmpi/e 32, 0, 7;
    %jmp/0xz  T_5.44, 4;
    %pushi/vec4 7, 0, 4;
    %store/vec4 v000001f6d0ac3f00_0, 0, 4;
T_5.44 ;
T_5.43 ;
    %jmp T_5.41;
T_5.40 ;
    %load/vec4 v000001f6d0ac42c0_0;
    %cmpi/e 6, 0, 3;
    %jmp/0xz  T_5.46, 4;
    %pushi/vec4 8, 0, 4;
    %store/vec4 v000001f6d0ac3f00_0, 0, 4;
    %jmp T_5.47;
T_5.46 ;
    %load/vec4 v000001f6d0ac42c0_0;
    %cmpi/e 7, 0, 3;
    %jmp/0xz  T_5.48, 4;
    %pushi/vec4 9, 0, 4;
    %store/vec4 v000001f6d0ac3f00_0, 0, 4;
T_5.48 ;
T_5.47 ;
T_5.41 ;
T_5.39 ;
T_5.37 ;
T_5.35 ;
T_5.33 ;
T_5.31 ;
    %jmp T_5.29;
T_5.28 ;
    %load/vec4 v000001f6d0aa3f20_0;
    %cmpi/e 103, 0, 7;
    %jmp/0xz  T_5.50, 4;
    %pushi/vec4 1, 0, 1;
    %store/vec4 v000001f6d0aa44c0_0, 0, 1;
    %pushi/vec4 1, 0, 2;
    %store/vec4 v000001f6d0ac4040_0, 0, 2;
    %pushi/vec4 0, 0, 1;
    %store/vec4 v000001f6d0aa49c0_0, 0, 1;
    %pushi/vec4 0, 0, 1;
    %store/vec4 v000001f6d0aa3e80_0, 0, 1;
    %pushi/vec4 0, 0, 1;
    %store/vec4 v000001f6d0ac5620_0, 0, 1;
    %pushi/vec4 1, 0, 1;
    %store/vec4 v000001f6d0ac49a0_0, 0, 1;
    %pushi/vec4 0, 0, 4;
    %store/vec4 v000001f6d0ac3f00_0, 0, 4;
    %pushi/vec4 2, 0, 2;
    %store/vec4 v000001f6d0aa3fc0_0, 0, 2;
    %jmp T_5.51;
T_5.50 ;
    %load/vec4 v000001f6d0aa3f20_0;
    %cmpi/e 35, 0, 7;
    %jmp/0xz  T_5.52, 4;
    %pushi/vec4 0, 0, 1;
    %store/vec4 v000001f6d0aa44c0_0, 0, 1;
    %pushi/vec4 1, 0, 2;
    %store/vec4 v000001f6d0ac4040_0, 0, 2;
    %pushi/vec4 0, 0, 1;
    %store/vec4 v000001f6d0aa49c0_0, 0, 1;
    %pushi/vec4 1, 0, 1;
    %store/vec4 v000001f6d0aa3e80_0, 0, 1;
    %pushi/vec4 0, 0, 1;
    %store/vec4 v000001f6d0ac5620_0, 0, 1;
    %pushi/vec4 0, 0, 1;
    %store/vec4 v000001f6d0ac49a0_0, 0, 1;
    %pushi/vec4 0, 0, 4;
    %store/vec4 v000001f6d0ac3f00_0, 0, 4;
    %pushi/vec4 0, 0, 2;
    %store/vec4 v000001f6d0aa3fc0_0, 0, 2;
    %jmp T_5.53;
T_5.52 ;
    %load/vec4 v000001f6d0aa3f20_0;
    %cmpi/e 99, 0, 7;
    %jmp/0xz  T_5.54, 4;
    %pushi/vec4 0, 0, 1;
    %store/vec4 v000001f6d0aa44c0_0, 0, 1;
    %pushi/vec4 0, 0, 2;
    %store/vec4 v000001f6d0ac4040_0, 0, 2;
    %pushi/vec4 0, 0, 1;
    %store/vec4 v000001f6d0aa49c0_0, 0, 1;
    %pushi/vec4 0, 0, 1;
    %store/vec4 v000001f6d0aa3e80_0, 0, 1;
    %pushi/vec4 1, 0, 1;
    %store/vec4 v000001f6d0ac5620_0, 0, 1;
    %pushi/vec4 0, 0, 1;
    %store/vec4 v000001f6d0ac49a0_0, 0, 1;
    %pushi/vec4 0, 0, 2;
    %store/vec4 v000001f6d0aa3fc0_0, 0, 2;
    %load/vec4 v000001f6d0ac42c0_0;
    %cmpi/e 0, 0, 3;
    %jmp/0xz  T_5.56, 4;
    %pushi/vec4 1, 0, 4;
    %store/vec4 v000001f6d0ac3f00_0, 0, 4;
    %jmp T_5.57;
T_5.56 ;
    %load/vec4 v000001f6d0ac42c0_0;
    %cmpi/e 1, 0, 3;
    %jmp/0xz  T_5.58, 4;
    %pushi/vec4 1, 0, 4;
    %store/vec4 v000001f6d0ac3f00_0, 0, 4;
    %jmp T_5.59;
T_5.58 ;
    %load/vec4 v000001f6d0ac42c0_0;
    %cmpi/e 4, 0, 3;
    %jmp/0xz  T_5.60, 4;
    %pushi/vec4 3, 0, 4;
    %store/vec4 v000001f6d0ac3f00_0, 0, 4;
    %jmp T_5.61;
T_5.60 ;
    %load/vec4 v000001f6d0ac42c0_0;
    %cmpi/e 5, 0, 3;
    %jmp/0xz  T_5.62, 4;
    %pushi/vec4 3, 0, 4;
    %store/vec4 v000001f6d0ac3f00_0, 0, 4;
    %jmp T_5.63;
T_5.62 ;
    %load/vec4 v000001f6d0ac42c0_0;
    %cmpi/e 6, 0, 3;
    %jmp/0xz  T_5.64, 4;
    %pushi/vec4 4, 0, 4;
    %store/vec4 v000001f6d0ac3f00_0, 0, 4;
    %jmp T_5.65;
T_5.64 ;
    %load/vec4 v000001f6d0ac42c0_0;
    %cmpi/e 7, 0, 3;
    %jmp/0xz  T_5.66, 4;
    %pushi/vec4 4, 0, 4;
    %store/vec4 v000001f6d0ac3f00_0, 0, 4;
T_5.66 ;
T_5.65 ;
T_5.63 ;
T_5.61 ;
T_5.59 ;
T_5.57 ;
    %jmp T_5.55;
T_5.54 ;
    %load/vec4 v000001f6d0aa3f20_0;
    %cmpi/e 55, 0, 7;
    %jmp/0xz  T_5.68, 4;
    %pushi/vec4 1, 0, 1;
    %store/vec4 v000001f6d0aa44c0_0, 0, 1;
    %pushi/vec4 0, 0, 2;
    %store/vec4 v000001f6d0ac4040_0, 0, 2;
    %pushi/vec4 0, 0, 1;
    %store/vec4 v000001f6d0aa49c0_0, 0, 1;
    %pushi/vec4 0, 0, 1;
    %store/vec4 v000001f6d0aa3e80_0, 0, 1;
    %pushi/vec4 0, 0, 1;
    %store/vec4 v000001f6d0ac5620_0, 0, 1;
    %pushi/vec4 0, 0, 1;
    %store/vec4 v000001f6d0ac49a0_0, 0, 1;
    %pushi/vec4 0, 0, 4;
    %store/vec4 v000001f6d0ac3f00_0, 0, 4;
    %pushi/vec4 3, 0, 2;
    %store/vec4 v000001f6d0aa3fc0_0, 0, 2;
    %jmp T_5.69;
T_5.68 ;
    %load/vec4 v000001f6d0aa3f20_0;
    %cmpi/e 23, 0, 7;
    %jmp/0xz  T_5.70, 4;
    %pushi/vec4 1, 0, 1;
    %store/vec4 v000001f6d0aa44c0_0, 0, 1;
    %pushi/vec4 2, 0, 2;
    %store/vec4 v000001f6d0ac4040_0, 0, 2;
    %pushi/vec4 0, 0, 1;
    %store/vec4 v000001f6d0aa49c0_0, 0, 1;
    %pushi/vec4 0, 0, 1;
    %store/vec4 v000001f6d0aa3e80_0, 0, 1;
    %pushi/vec4 0, 0, 1;
    %store/vec4 v000001f6d0ac5620_0, 0, 1;
    %pushi/vec4 0, 0, 1;
    %store/vec4 v000001f6d0ac49a0_0, 0, 1;
    %pushi/vec4 0, 0, 4;
    %store/vec4 v000001f6d0ac3f00_0, 0, 4;
    %pushi/vec4 0, 0, 2;
    %store/vec4 v000001f6d0aa3fc0_0, 0, 2;
    %pushi/vec4 1, 0, 1;
    %store/vec4 v000001f6d0ac3e60_0, 0, 1;
    %jmp T_5.71;
T_5.70 ;
    %load/vec4 v000001f6d0aa3f20_0;
    %cmpi/e 111, 0, 7;
    %jmp/0xz  T_5.72, 4;
    %pushi/vec4 1, 0, 1;
    %store/vec4 v000001f6d0aa44c0_0, 0, 1;
    %pushi/vec4 0, 0, 2;
    %store/vec4 v000001f6d0ac4040_0, 0, 2;
    %pushi/vec4 0, 0, 1;
    %store/vec4 v000001f6d0aa49c0_0, 0, 1;
    %pushi/vec4 0, 0, 1;
    %store/vec4 v000001f6d0aa3e80_0, 0, 1;
    %pushi/vec4 0, 0, 1;
    %store/vec4 v000001f6d0ac5620_0, 0, 1;
    %pushi/vec4 1, 0, 1;
    %store/vec4 v000001f6d0ac49a0_0, 0, 1;
    %pushi/vec4 0, 0, 4;
    %store/vec4 v000001f6d0ac3f00_0, 0, 4;
    %pushi/vec4 2, 0, 2;
    %store/vec4 v000001f6d0aa3fc0_0, 0, 2;
T_5.72 ;
T_5.71 ;
T_5.69 ;
T_5.55 ;
T_5.53 ;
T_5.51 ;
T_5.29 ;
T_5.27 ;
T_5.1 ;
    %jmp T_5;
    .thread T_5, $push;
    .scope S_000001f6d0a56fa0;
T_6 ;
    %wait E_000001f6d0ab5ad0;
    %load/vec4 v000001f6d0b615b0_0;
    %flag_set/vec4 8;
    %jmp/0xz  T_6.0, 8;
    %pushi/vec4 0, 0, 224;
    %assign/vec4 v000001f6d0b61f10_0, 0;
    %jmp T_6.1;
T_6.0 ;
    %load/vec4 v000001f6d0b60f70_0;
    %assign/vec4 v000001f6d0b61f10_0, 0;
T_6.1 ;
    %jmp T_6;
    .thread T_6;
    .scope S_000001f6d0a46bb0;
T_7 ;
Ewait_3 .event/or E_000001f6d0ab4b50, E_0x0;
    %wait Ewait_3;
    %load/vec4 v000001f6d0b625f0_0;
    %parti/u 2, 106, 32;
    %dup/vec4;
    %pushi/vec4 0, 0, 2;
    %cmp/u;
    %jmp/1 T_7.0, 6;
    %dup/vec4;
    %pushi/vec4 1, 0, 2;
    %cmp/u;
    %jmp/1 T_7.1, 6;
    %pushi/vec4 4294967295, 4294967295, 32;
    %store/vec4 v000001f6d0b62370_0, 0, 32;
    %jmp T_7.3;
T_7.0 ;
    %load/vec4 v000001f6d0b625f0_0;
    %parti/u 32, 160, 32;
    %store/vec4 v000001f6d0b62370_0, 0, 32;
    %jmp T_7.3;
T_7.1 ;
    %load/vec4 v000001f6d0b625f0_0;
    %parti/u 32, 123, 32;
    %store/vec4 v000001f6d0b62370_0, 0, 32;
    %jmp T_7.3;
T_7.3 ;
    %pop/vec4 1;
    %jmp T_7;
    .thread T_7, $push;
    .scope S_000001f6d0a46bb0;
T_8 ;
Ewait_4 .event/or E_000001f6d0ab5150, E_0x0;
    %wait Ewait_4;
    %load/vec4 v000001f6d0b625f0_0;
    %parti/u 4, 102, 32;
    %dup/vec4;
    %pushi/vec4 0, 0, 4;
    %cmp/u;
    %jmp/1 T_8.0, 6;
    %dup/vec4;
    %pushi/vec4 1, 0, 4;
    %cmp/u;
    %jmp/1 T_8.1, 6;
    %dup/vec4;
    %pushi/vec4 2, 0, 4;
    %cmp/u;
    %jmp/1 T_8.2, 6;
    %dup/vec4;
    %pushi/vec4 3, 0, 4;
    %cmp/u;
    %jmp/1 T_8.3, 6;
    %dup/vec4;
    %pushi/vec4 4, 0, 4;
    %cmp/u;
    %jmp/1 T_8.4, 6;
    %dup/vec4;
    %pushi/vec4 5, 0, 4;
    %cmp/u;
    %jmp/1 T_8.5, 6;
    %dup/vec4;
    %pushi/vec4 6, 0, 4;
    %cmp/u;
    %jmp/1 T_8.6, 6;
    %dup/vec4;
    %pushi/vec4 7, 0, 4;
    %cmp/u;
    %jmp/1 T_8.7, 6;
    %dup/vec4;
    %pushi/vec4 8, 0, 4;
    %cmp/u;
    %jmp/1 T_8.8, 6;
    %dup/vec4;
    %pushi/vec4 9, 0, 4;
    %cmp/u;
    %jmp/1 T_8.9, 6;
    %pushi/vec4 4294967295, 4294967295, 32;
    %store/vec4 v000001f6d0b616f0_0, 0, 32;
    %jmp T_8.11;
T_8.0 ;
    %load/vec4 v000001f6d0b61150_0;
    %load/vec4 v000001f6d0b62370_0;
    %add;
    %store/vec4 v000001f6d0b616f0_0, 0, 32;
    %jmp T_8.11;
T_8.1 ;
    %load/vec4 v000001f6d0b61150_0;
    %load/vec4 v000001f6d0b62370_0;
    %sub;
    %store/vec4 v000001f6d0b616f0_0, 0, 32;
    %jmp T_8.11;
T_8.2 ;
    %load/vec4 v000001f6d0b61150_0;
    %load/vec4 v000001f6d0b62370_0;
    %parti/s 5, 0, 2;
    %ix/vec4 4;
    %shiftl 4;
    %store/vec4 v000001f6d0b616f0_0, 0, 32;
    %jmp T_8.11;
T_8.3 ;
    %load/vec4 v000001f6d0b61150_0;
    %load/vec4 v000001f6d0b62370_0;
    %cmp/s;
    %flag_get/vec4 5;
    %pad/u 32;
    %store/vec4 v000001f6d0b616f0_0, 0, 32;
    %jmp T_8.11;
T_8.4 ;
    %load/vec4 v000001f6d0b61150_0;
    %load/vec4 v000001f6d0b62370_0;
    %cmp/u;
    %flag_get/vec4 5;
    %pad/u 32;
    %store/vec4 v000001f6d0b616f0_0, 0, 32;
    %jmp T_8.11;
T_8.5 ;
    %load/vec4 v000001f6d0b61150_0;
    %load/vec4 v000001f6d0b62370_0;
    %xor;
    %store/vec4 v000001f6d0b616f0_0, 0, 32;
    %jmp T_8.11;
T_8.6 ;
    %load/vec4 v000001f6d0b61150_0;
    %load/vec4 v000001f6d0b62370_0;
    %parti/s 5, 0, 2;
    %ix/vec4 4;
    %shiftr 4;
    %store/vec4 v000001f6d0b616f0_0, 0, 32;
    %jmp T_8.11;
T_8.7 ;
    %load/vec4 v000001f6d0b61150_0;
    %load/vec4 v000001f6d0b62370_0;
    %parti/s 5, 0, 2;
    %ix/vec4 4;
    %shiftr/s 4;
    %store/vec4 v000001f6d0b616f0_0, 0, 32;
    %jmp T_8.11;
T_8.8 ;
    %load/vec4 v000001f6d0b61150_0;
    %load/vec4 v000001f6d0b62370_0;
    %or;
    %store/vec4 v000001f6d0b616f0_0, 0, 32;
    %jmp T_8.11;
T_8.9 ;
    %load/vec4 v000001f6d0b61150_0;
    %load/vec4 v000001f6d0b62370_0;
    %and;
    %store/vec4 v000001f6d0b616f0_0, 0, 32;
    %jmp T_8.11;
T_8.11 ;
    %pop/vec4 1;
    %jmp T_8;
    .thread T_8, $push;
    .scope S_000001f6d0a46bb0;
T_9 ;
Ewait_5 .event/or E_000001f6d0ab5410, E_0x0;
    %wait Ewait_5;
    %load/vec4 v000001f6d0b62550_0;
    %dup/vec4;
    %pushi/vec4 0, 0, 1;
    %cmp/u;
    %jmp/1 T_9.0, 6;
    %dup/vec4;
    %pushi/vec4 1, 0, 1;
    %cmp/u;
    %jmp/1 T_9.1, 6;
    %jmp T_9.2;
T_9.0 ;
    %load/vec4 v000001f6d0b616f0_0;
    %store/vec4 v000001f6d0b62410_0, 0, 32;
    %jmp T_9.2;
T_9.1 ;
    %load/vec4 v000001f6d0b62910_0;
    %store/vec4 v000001f6d0b62410_0, 0, 32;
    %jmp T_9.2;
T_9.2 ;
    %pop/vec4 1;
    %jmp T_9;
    .thread T_9, $push;
    .scope S_000001f6d0a46bb0;
T_10 ;
Ewait_6 .event/or E_000001f6d0ab5b10, E_0x0;
    %wait Ewait_6;
    %load/vec4 v000001f6d0b625f0_0;
    %parti/u 3, 97, 32;
    %dup/vec4;
    %pushi/vec4 0, 0, 3;
    %cmp/u;
    %jmp/1 T_10.0, 6;
    %dup/vec4;
    %pushi/vec4 1, 0, 3;
    %cmp/u;
    %jmp/1 T_10.1, 6;
    %dup/vec4;
    %pushi/vec4 4, 0, 3;
    %cmp/u;
    %jmp/1 T_10.2, 6;
    %dup/vec4;
    %pushi/vec4 5, 0, 3;
    %cmp/u;
    %jmp/1 T_10.3, 6;
    %dup/vec4;
    %pushi/vec4 6, 0, 3;
    %cmp/u;
    %jmp/1 T_10.4, 6;
    %dup/vec4;
    %pushi/vec4 7, 0, 3;
    %cmp/u;
    %jmp/1 T_10.5, 6;
    %pushi/vec4 1, 1, 1;
    %store/vec4 v000001f6d0b62b90_0, 0, 1;
    %jmp T_10.7;
T_10.0 ;
    %load/vec4 v000001f6d0b62c30_0;
    %store/vec4 v000001f6d0b62b90_0, 0, 1;
    %jmp T_10.7;
T_10.1 ;
    %load/vec4 v000001f6d0b62c30_0;
    %inv;
    %store/vec4 v000001f6d0b62b90_0, 0, 1;
    %jmp T_10.7;
T_10.2 ;
    %load/vec4 v000001f6d0b61bf0_0;
    %store/vec4 v000001f6d0b62b90_0, 0, 1;
    %jmp T_10.7;
T_10.3 ;
    %load/vec4 v000001f6d0b61bf0_0;
    %inv;
    %store/vec4 v000001f6d0b62b90_0, 0, 1;
    %jmp T_10.7;
T_10.4 ;
    %load/vec4 v000001f6d0b61330_0;
    %store/vec4 v000001f6d0b62b90_0, 0, 1;
    %jmp T_10.7;
T_10.5 ;
    %load/vec4 v000001f6d0b61330_0;
    %inv;
    %store/vec4 v000001f6d0b62b90_0, 0, 1;
    %jmp T_10.7;
T_10.7 ;
    %pop/vec4 1;
    %jmp T_10;
    .thread T_10, $push;
    .scope S_000001f6d0a46a20;
T_11 ;
    %wait E_000001f6d0ab5ad0;
    %load/vec4 v000001f6d0b16120_0;
    %flag_set/vec4 8;
    %jmp/0xz  T_11.0, 8;
    %pushi/vec4 0, 0, 141;
    %assign/vec4 v000001f6d0b16c60_0, 0;
    %jmp T_11.1;
T_11.0 ;
    %load/vec4 v000001f6d0b169e0_0;
    %assign/vec4 v000001f6d0b16c60_0, 0;
T_11.1 ;
    %jmp T_11;
    .thread T_11;
    .scope S_000001f6d0a666d0;
T_12 ;
Ewait_7 .event/or E_000001f6d0ab6090, E_0x0;
    %wait Ewait_7;
    %pushi/vec4 4294967295, 4294967295, 32;
    %store/vec4 v000001f6d0b63de0_0, 0, 32;
    %load/vec4 v000001f6d0b649c0_0;
    %pad/u 32;
    %cmpi/e 1, 0, 32;
    %flag_get/vec4 4;
    %jmp/0 T_12.2, 4;
    %load/vec4 v000001f6d0b64060_0;
    %pad/u 32;
    %pushi/vec4 0, 0, 32;
    %cmp/e;
    %flag_get/vec4 4;
    %and;
T_12.2;
    %flag_set/vec4 8;
    %jmp/0xz  T_12.0, 8;
    %load/vec4 v000001f6d0b63200_0;
    %dup/vec4;
    %pushi/vec4 0, 0, 3;
    %cmp/u;
    %jmp/1 T_12.3, 6;
    %dup/vec4;
    %pushi/vec4 1, 0, 3;
    %cmp/u;
    %jmp/1 T_12.4, 6;
    %dup/vec4;
    %pushi/vec4 2, 0, 3;
    %cmp/u;
    %jmp/1 T_12.5, 6;
    %dup/vec4;
    %pushi/vec4 4, 0, 3;
    %cmp/u;
    %jmp/1 T_12.6, 6;
    %dup/vec4;
    %pushi/vec4 5, 0, 3;
    %cmp/u;
    %jmp/1 T_12.7, 6;
    %pushi/vec4 4294967295, 4294967295, 32;
    %store/vec4 v000001f6d0b63de0_0, 0, 32;
    %jmp T_12.9;
T_12.3 ;
    %ix/getv 4, v000001f6d0b63ac0_0;
    %load/vec4a v000001f6d0b62f80, 4;
    %pad/s 32;
    %store/vec4 v000001f6d0b63de0_0, 0, 32;
    %jmp T_12.9;
T_12.4 ;
    %load/vec4 v000001f6d0b63ac0_0;
    %addi 1, 0, 32;
    %ix/vec4 4;
    %load/vec4a v000001f6d0b62f80, 4;
    %ix/getv 4, v000001f6d0b63ac0_0;
    %load/vec4a v000001f6d0b62f80, 4;
    %concat/vec4; draw_concat_vec4
    %pad/s 32;
    %store/vec4 v000001f6d0b63de0_0, 0, 32;
    %jmp T_12.9;
T_12.5 ;
    %load/vec4 v000001f6d0b63ac0_0;
    %addi 3, 0, 32;
    %ix/vec4 4;
    %load/vec4a v000001f6d0b62f80, 4;
    %load/vec4 v000001f6d0b63ac0_0;
    %addi 2, 0, 32;
    %ix/vec4 4;
    %load/vec4a v000001f6d0b62f80, 4;
    %concat/vec4; draw_concat_vec4
    %load/vec4 v000001f6d0b63ac0_0;
    %addi 1, 0, 32;
    %ix/vec4 4;
    %load/vec4a v000001f6d0b62f80, 4;
    %concat/vec4; draw_concat_vec4
    %ix/getv 4, v000001f6d0b63ac0_0;
    %load/vec4a v000001f6d0b62f80, 4;
    %concat/vec4; draw_concat_vec4
    %store/vec4 v000001f6d0b63de0_0, 0, 32;
    %jmp T_12.9;
T_12.6 ;
    %pushi/vec4 0, 0, 24;
    %ix/getv 4, v000001f6d0b63ac0_0;
    %load/vec4a v000001f6d0b62f80, 4;
    %concat/vec4; draw_concat_vec4
    %store/vec4 v000001f6d0b63de0_0, 0, 32;
    %jmp T_12.9;
T_12.7 ;
    %pushi/vec4 0, 0, 16;
    %load/vec4 v000001f6d0b63ac0_0;
    %addi 1, 0, 32;
    %ix/vec4 4;
    %load/vec4a v000001f6d0b62f80, 4;
    %concat/vec4; draw_concat_vec4
    %ix/getv 4, v000001f6d0b63ac0_0;
    %load/vec4a v000001f6d0b62f80, 4;
    %concat/vec4; draw_concat_vec4
    %store/vec4 v000001f6d0b63de0_0, 0, 32;
    %jmp T_12.9;
T_12.9 ;
    %pop/vec4 1;
T_12.0 ;
    %jmp T_12;
    .thread T_12, $push;
    .scope S_000001f6d0a666d0;
T_13 ;
    %wait E_000001f6d0ab5ad0;
    %load/vec4 v000001f6d0b649c0_0;
    %pad/u 32;
    %cmpi/e 0, 0, 32;
    %flag_get/vec4 4;
    %jmp/0 T_13.2, 4;
    %load/vec4 v000001f6d0b64060_0;
    %pad/u 32;
    %pushi/vec4 1, 0, 32;
    %cmp/e;
    %flag_get/vec4 4;
    %and;
T_13.2;
    %flag_set/vec4 8;
    %jmp/0xz  T_13.0, 8;
    %load/vec4 v000001f6d0b63200_0;
    %dup/vec4;
    %pushi/vec4 0, 0, 3;
    %cmp/u;
    %jmp/1 T_13.3, 6;
    %dup/vec4;
    %pushi/vec4 1, 0, 3;
    %cmp/u;
    %jmp/1 T_13.4, 6;
    %dup/vec4;
    %pushi/vec4 2, 0, 3;
    %cmp/u;
    %jmp/1 T_13.5, 6;
    %jmp T_13.6;
T_13.3 ;
    %load/vec4 v000001f6d0b62ee0_0;
    %parti/s 8, 0, 2;
    %ix/getv 4, v000001f6d0b63ac0_0;
    %store/vec4a v000001f6d0b62f80, 4, 0;
    %jmp T_13.6;
T_13.4 ;
    %load/vec4 v000001f6d0b62ee0_0;
    %parti/s 8, 0, 2;
    %ix/getv 4, v000001f6d0b63ac0_0;
    %store/vec4a v000001f6d0b62f80, 4, 0;
    %load/vec4 v000001f6d0b62ee0_0;
    %parti/s 8, 8, 5;
    %load/vec4 v000001f6d0b63ac0_0;
    %addi 1, 0, 32;
    %ix/vec4 4;
    %store/vec4a v000001f6d0b62f80, 4, 0;
    %jmp T_13.6;
T_13.5 ;
    %load/vec4 v000001f6d0b62ee0_0;
    %parti/s 8, 0, 2;
    %ix/getv 4, v000001f6d0b63ac0_0;
    %store/vec4a v000001f6d0b62f80, 4, 0;
    %load/vec4 v000001f6d0b62ee0_0;
    %parti/s 8, 8, 5;
    %load/vec4 v000001f6d0b63ac0_0;
    %addi 1, 0, 32;
    %ix/vec4 4;
    %store/vec4a v000001f6d0b62f80, 4, 0;
    %load/vec4 v000001f6d0b62ee0_0;
    %parti/s 8, 16, 6;
    %load/vec4 v000001f6d0b63ac0_0;
    %addi 2, 0, 32;
    %ix/vec4 4;
    %store/vec4a v000001f6d0b62f80, 4, 0;
    %load/vec4 v000001f6d0b62ee0_0;
    %parti/s 8, 24, 6;
    %load/vec4 v000001f6d0b63ac0_0;
    %addi 3, 0, 32;
    %ix/vec4 4;
    %store/vec4a v000001f6d0b62f80, 4, 0;
    %jmp T_13.6;
T_13.6 ;
    %pop/vec4 1;
T_13.0 ;
    %jmp T_13;
    .thread T_13;
    .scope S_000001f6d0b64d60;
T_14 ;
    %wait E_000001f6d0ab5ad0;
    %load/vec4 v000001f6d0b63e80_0;
    %flag_set/vec4 8;
    %jmp/0xz  T_14.0, 8;
    %pushi/vec4 0, 0, 136;
    %assign/vec4 v000001f6d0b63160_0, 0;
    %jmp T_14.1;
T_14.0 ;
    %load/vec4 v000001f6d0b63a20_0;
    %assign/vec4 v000001f6d0b63160_0, 0;
T_14.1 ;
    %jmp T_14;
    .thread T_14;
    .scope S_000001f6d0a68a50;
T_15 ;
Ewait_8 .event/or E_000001f6d0ab6850, E_0x0;
    %wait Ewait_8;
    %load/vec4 v000001f6d0b63520_0;
    %dup/vec4;
    %pushi/vec4 0, 0, 2;
    %cmp/u;
    %jmp/1 T_15.0, 6;
    %dup/vec4;
    %pushi/vec4 1, 0, 2;
    %cmp/u;
    %jmp/1 T_15.1, 6;
    %dup/vec4;
    %pushi/vec4 2, 0, 2;
    %cmp/u;
    %jmp/1 T_15.2, 6;
    %dup/vec4;
    %pushi/vec4 3, 0, 2;
    %cmp/u;
    %jmp/1 T_15.3, 6;
    %jmp T_15.4;
T_15.0 ;
    %load/vec4 v000001f6d0b64560_0;
    %store/vec4 v000001f6d0b64c40_0, 0, 32;
    %jmp T_15.4;
T_15.1 ;
    %load/vec4 v000001f6d0b646a0_0;
    %store/vec4 v000001f6d0b64c40_0, 0, 32;
    %jmp T_15.4;
T_15.2 ;
    %load/vec4 v000001f6d0b633e0_0;
    %store/vec4 v000001f6d0b64c40_0, 0, 32;
    %jmp T_15.4;
T_15.3 ;
    %load/vec4 v000001f6d0b64600_0;
    %store/vec4 v000001f6d0b64c40_0, 0, 32;
    %jmp T_15.4;
T_15.4 ;
    %pop/vec4 1;
    %jmp T_15;
    .thread T_15, $push;
    .scope S_000001f6d0a95010;
T_16 ;
    %pushi/vec4 0, 0, 1;
    %store/vec4 v000001f6d0b72570_0, 0, 1;
    %end;
    .thread T_16, $init;
    .scope S_000001f6d0a95010;
T_17 ;
    %delay 5, 0;
    %load/vec4 v000001f6d0b72570_0;
    %inv;
    %store/vec4 v000001f6d0b72570_0, 0, 1;
    %jmp T_17;
    .thread T_17;
    .scope S_000001f6d0a95010;
T_18 ;
    %vpi_call/w 4 13 "$readmemh", "simprograms\011est1.hex.txt", v000001f6d0b62870 {0 0 0};
    %pushi/vec4 1, 0, 1;
    %store/vec4 v000001f6d0b71fd0_0, 0, 1;
    %wait E_000001f6d0ab5ad0;
    %wait E_000001f6d0ab5ad0;
    %pushi/vec4 0, 0, 1;
    %store/vec4 v000001f6d0b71fd0_0, 0, 1;
    %pushi/vec4 50, 0, 32;
T_18.0 %dup/vec4;
    %pushi/vec4 0, 0, 32;
    %cmp/s;
    %jmp/1xz T_18.1, 5;
    %jmp/1 T_18.1, 4;
    %pushi/vec4 1, 0, 32;
    %sub;
    %wait E_000001f6d0ab5ad0;
    %jmp T_18.0;
T_18.1 ;
    %pop/vec4 1;
    %vpi_call/w 4 22 "$display", "x1 = %0d", &A<v000001f6d0b63d40, 1> {0 0 0};
    %vpi_call/w 4 23 "$finish" {0 0 0};
    %end;
    .thread T_18;
# The file index is used to find the file name in the following table.
:file_names 18;
    "N/A";
    "<interactive>";
    "-";
    "C:\Users\Arnab\Downloads\HaDes-V-main\rtl\pipeline_types.sv";
    "C:\Users\Arnab\Downloads\HaDes-V-main\tb\cpu_tb.sv";
    "C:\Users\Arnab\Downloads\HaDes-V-main\rtl\cpu.sv";
    "C:\Users\Arnab\Downloads\HaDes-V-main\rtl\decode_stage.sv";
    "C:\Users\Arnab\Downloads\HaDes-V-main\rtl\control_unit.sv";
    "C:\Users\Arnab\Downloads\HaDes-V-main\rtl\instruction_decoder.sv";
    "C:\Users\Arnab\Downloads\HaDes-V-main\rtl\exe_mem_pr.sv";
    "C:\Users\Arnab\Downloads\HaDes-V-main\rtl\execute_stage.sv";
    "C:\Users\Arnab\Downloads\HaDes-V-main\rtl\fetch_stage.sv";
    "C:\Users\Arnab\Downloads\HaDes-V-main\rtl\id_exe_pr.sv";
    "C:\Users\Arnab\Downloads\HaDes-V-main\rtl\if_id_pr.sv";
    "C:\Users\Arnab\Downloads\HaDes-V-main\rtl\mem_wb_pr.sv";
    "C:\Users\Arnab\Downloads\HaDes-V-main\rtl\memory_stage.sv";
    "C:\Users\Arnab\Downloads\HaDes-V-main\rtl\register_file.sv";
    "C:\Users\Arnab\Downloads\HaDes-V-main\rtl\writeback_stage.sv";
